date,open,high,low,close,volume
2014-01-16,1.005,1.005,0.997,0.999,25669390
2014-01-17,0.999,0.999,0.996,0.997,14221494
2014-01-20,0.998,0.999,0.996,0.997,14258332
2014-01-21,0.997,1.0,0.996,0.998,18093376
2014-01-22,0.998,0.999,0.997,0.998,14338520
2014-01-23,0.999,1.001,0.998,1.001,12158816
2014-01-24,1.001,1.004,1.001,1.004,18643276
2014-01-27,1.004,1.004,1.002,1.004,18210680
2014-01-28,1.004,1.005,1.003,1.005,18082822
2014-01-29,1.005,1.006,1.005,1.005,16199235
2014-01-30,1.005,1.007,1.005,1.006,17486340
2014-02-07,1.006,1.006,1.005,1.006,11237690
2014-02-10,1.007,1.008,1.007,1.008,24295666
2014-02-11,1.009,1.011,1.009,1.011,31581056
2014-02-12,1.01,1.015,1.01,1.013,40297664
2014-02-13,1.013,1.015,1.012,1.012,11996655
2014-02-14,1.013,1.015,1.013,1.015,24674048
2014-02-17,1.015,1.017,1.015,1.016,15836330
2014-02-18,1.017,1.022,1.017,1.019,18962052
2014-02-19,1.02,1.023,1.016,1.02,17735210
2014-02-20,1.019,1.019,1.015,1.015,13613567
2014-02-21,1.016,1.017,1.015,1.016,19355196
2014-02-24,1.016,1.017,1.015,1.016,11071119
2014-02-25,1.016,1.017,1.015,1.015,20749604
2014-02-26,1.015,1.016,1.015,1.016,9032539
2014-02-27,1.015,1.016,1.014,1.015,15972550
2014-02-28,1.015,1.017,1.015,1.017,11785514
2014-03-03,1.017,1.018,1.016,1.017,7665732
2014-03-04,1.018,1.019,1.017,1.018,9290700
2014-03-05,1.018,1.021,1.018,1.02,11740128
2014-03-06,1.019,1.022,1.019,1.021,12815504
2014-03-07,1.021,1.024,1.021,1.023,3164065
2014-03-10,1.022,1.022,1.019,1.021,15485153
2014-03-11,1.019,1.021,1.019,1.02,2003812
2014-03-12,1.02,1.021,1.018,1.021,4408397
2014-03-13,1.02,1.023,1.019,1.023,6239526
2014-03-14,1.021,1.023,1.021,1.021,3274736
2014-03-17,1.022,1.024,1.021,1.023,4455167
2014-03-18,1.022,1.023,1.022,1.022,2112540
2014-03-19,1.023,1.023,1.022,1.022,3566946
2014-03-20,1.021,1.022,1.02,1.021,2841899
2014-03-21,1.02,1.021,1.018,1.018,12024893
2014-03-24,1.018,1.022,1.018,1.02,12735514
2014-03-25,1.018,1.019,1.015,1.016,5992665
2014-03-26,1.016,1.016,1.014,1.014,4587500
2014-03-27,1.014,1.014,1.013,1.014,10528120
2014-03-28,1.014,1.014,1.011,1.012,14574375
2014-03-31,1.013,1.014,1.012,1.014,5340412
2014-04-01,1.013,1.014,1.013,1.014,1868462
2014-04-02,1.014,1.014,1.013,1.014,2664611
2014-04-03,1.014,1.015,1.014,1.014,2517438
2014-04-04,1.014,1.016,1.014,1.016,2071235
2014-04-08,1.016,1.016,1.014,1.015,2794362
2014-04-09,1.015,1.016,1.015,1.015,4400678
2014-04-10,1.016,1.017,1.015,1.016,7252177
2014-04-11,1.015,1.015,1.014,1.015,9998221
2014-04-14,1.017,1.017,1.014,1.014,8156655
2014-04-15,1.015,1.016,1.015,1.015,12405174
2014-04-16,1.015,1.016,1.015,1.016,2787206
2014-04-17,1.015,1.016,1.015,1.016,1380442
2014-04-18,1.017,1.017,1.016,1.017,1868059
2014-04-21,1.018,1.018,1.015,1.017,9610358
2014-04-22,1.018,1.018,1.017,1.017,2811442
2014-04-23,1.017,1.018,1.017,1.017,921214
2014-04-24,1.017,1.018,1.017,1.018,2280978
2014-04-25,1.017,1.018,1.017,1.017,1122637
2014-04-28,1.018,1.018,1.017,1.017,3680400
2014-04-29,1.017,1.017,1.013,1.014,1804310
2014-04-30,1.014,1.015,1.014,1.015,1853982
2014-05-05,1.016,1.017,1.016,1.017,4120743
2014-05-06,1.017,1.019,1.017,1.019,12621154
2014-05-07,1.019,1.02,1.018,1.019,5482034
2014-05-08,1.019,1.02,1.019,1.02,1485767
2014-05-09,1.02,1.02,1.018,1.02,5143565
2014-05-12,1.02,1.022,1.02,1.022,6196132
2014-05-13,1.021,1.022,1.021,1.021,2490395
2014-05-14,1.021,1.022,1.02,1.021,3021909
2014-05-15,1.02,1.021,1.02,1.02,1830470
2014-05-16,1.02,1.021,1.02,1.021,1351837
2014-05-19,1.02,1.022,1.02,1.021,1747405
2014-05-20,1.021,1.022,1.021,1.021,2533652
2014-05-21,1.02,1.022,1.02,1.02,1077482
2014-05-22,1.02,1.021,1.02,1.02,3966518
2014-05-23,1.019,1.021,1.019,1.02,687209
2014-05-26,1.021,1.021,1.02,1.02,3518305
2014-05-27,1.02,1.021,1.02,1.021,2118078
2014-05-28,1.022,1.022,1.021,1.021,1793344
2014-05-29,1.022,1.022,1.021,1.022,4614356
2014-05-30,1.024,1.024,1.023,1.024,1387325
2014-06-03,1.025,1.025,1.024,1.025,1789349
2014-06-04,1.024,1.025,1.024,1.025,1645558
2014-06-05,1.024,1.025,1.024,1.025,1799291
2014-06-06,1.025,1.026,1.025,1.026,2185198
2014-06-09,1.025,1.027,1.025,1.027,3067631
2014-06-10,1.027,1.031,1.027,1.031,3709275
2014-06-11,1.031,1.034,1.031,1.034,3449997
2014-06-12,1.035,1.038,1.034,1.036,10234503
2014-06-13,1.036,1.037,1.035,1.037,4304823
2014-06-16,1.037,1.037,1.035,1.037,5440985
2014-06-17,1.037,1.037,1.035,1.037,3824329
2014-06-18,1.037,1.042,1.037,1.041,12918382
2014-06-19,1.041,1.044,1.039,1.039,7084740
2014-06-20,1.03,1.036,1.03,1.032,13266309
2014-06-23,1.031,1.031,1.028,1.03,3842491
2014-06-24,1.03,1.03,1.027,1.028,4353714
2014-06-25,1.028,1.03,1.027,1.03,3447875
2014-06-26,1.031,1.032,1.029,1.031,2917812
2014-06-27,1.03,1.031,1.028,1.029,4486263
2014-06-30,1.028,1.03,1.028,1.03,3928081
2014-07-01,1.03,1.03,1.028,1.029,1571721
2014-07-02,1.03,1.03,1.028,1.028,2462820
2014-07-03,1.028,1.03,1.028,1.028,3480254
2014-07-04,1.028,1.03,1.028,1.029,2271290
2014-07-07,1.029,1.031,1.029,1.031,6207889
2014-07-08,1.03,1.031,1.03,1.03,2890334
2014-07-09,1.031,1.032,1.03,1.03,3775931
2014-07-10,1.03,1.031,1.03,1.03,1520930
2014-07-11,1.03,1.032,1.03,1.031,5350752
2014-07-14,1.031,1.032,1.03,1.032,1884158
2014-07-15,1.031,1.032,1.03,1.031,2631307
2014-07-16,1.032,1.032,1.031,1.032,11969423
2014-07-17,1.031,1.032,1.031,1.031,2510918
2014-07-18,1.031,1.031,1.03,1.031,4462411
2014-07-21,1.031,1.031,1.029,1.03,3976281
2014-07-22,1.029,1.03,1.029,1.029,9285925
2014-07-23,1.03,1.03,1.029,1.03,6469472
2014-07-24,1.03,1.03,1.029,1.03,5488663
2014-07-25,1.03,1.03,1.029,1.03,8356064
2014-07-28,1.031,1.032,1.031,1.031,5592477
2014-07-29,1.032,1.032,1.031,1.031,6779773
2014-07-30,1.032,1.033,1.032,1.032,2172612
2014-07-31,1.032,1.035,1.032,1.033,7416355
2014-08-01,1.033,1.034,1.033,1.034,4728885
2014-08-04,1.034,1.035,1.034,1.034,2850265
2014-08-05,1.034,1.035,1.034,1.034,2411730
2014-08-06,1.034,1.035,1.034,1.035,2046000
2014-08-07,1.035,1.036,1.035,1.036,1364307
2014-08-08,1.035,1.036,1.034,1.035,27151100
2014-08-11,1.037,1.037,1.036,1.037,13080195
2014-08-12,1.037,1.038,1.037,1.038,54747048
2014-08-13,1.038,1.038,1.036,1.037,31944152
2014-08-14,1.037,1.037,1.036,1.037,13347989
2014-08-15,1.036,1.038,1.036,1.037,7802255
2014-08-18,1.038,1.039,1.037,1.039,3442821
2014-08-19,1.038,1.039,1.038,1.038,888313
2014-08-20,1.038,1.039,1.038,1.038,2589004
2014-08-21,1.039,1.04,1.038,1.04,6177476
2014-08-22,1.038,1.039,1.038,1.038,1176267
2014-08-25,1.039,1.04,1.038,1.039,3973746
2014-08-26,1.038,1.039,1.038,1.039,2003219
2014-08-27,1.039,1.04,1.039,1.039,3097653
2014-08-28,1.039,1.039,1.037,1.037,9028225
2014-08-29,1.038,1.04,1.038,1.039,5285945
2014-09-01,1.043,1.046,1.042,1.045,10373428
2014-09-02,1.048,1.05,1.046,1.049,7497106
2014-09-03,1.051,1.051,1.049,1.049,6772589
2014-09-04,1.05,1.051,1.049,1.05,8294327
2014-09-05,1.051,1.052,1.05,1.051,6628638
2014-09-09,1.05,1.051,1.048,1.05,7076024
2014-09-10,1.051,1.052,1.05,1.051,3555283
2014-09-11,1.051,1.052,1.05,1.052,3353905
2014-09-12,1.052,1.053,1.051,1.053,5107059
2014-09-15,1.053,1.053,1.052,1.052,2198699
2014-09-16,1.053,1.053,1.051,1.052,13071448
2014-09-17,1.051,1.054,1.051,1.054,24081980
2014-09-18,1.054,1.055,1.053,1.055,9899626
2014-09-19,1.055,1.056,1.054,1.056,20855338
2014-09-22,1.056,1.056,1.054,1.055,13475338
2014-09-23,1.055,1.055,1.054,1.054,21415812
2014-09-24,1.054,1.054,1.053,1.054,4923846
2014-09-25,1.054,1.054,1.052,1.054,11120826
2014-09-26,1.054,1.054,1.053,1.054,1082445
2014-09-29,1.056,1.057,1.055,1.057,10021326
2014-09-30,1.057,1.058,1.056,1.057,6486209
2014-10-08,1.058,1.059,1.058,1.059,16830294
2014-10-09,1.06,1.06,1.058,1.059,5340176
2014-10-10,1.059,1.059,1.058,1.058,1944696
2014-10-13,1.059,1.06,1.058,1.059,13478182
2014-10-14,1.06,1.061,1.059,1.061,4136917
2014-10-15,1.061,1.061,1.06,1.061,5974973
2014-10-16,1.062,1.064,1.061,1.063,10279122
2014-10-17,1.062,1.064,1.062,1.064,16318824
2014-10-20,1.063,1.064,1.062,1.063,4223327
2014-10-21,1.064,1.064,1.063,1.064,6316347
2014-10-22,1.065,1.068,1.065,1.067,6480802
2014-10-23,1.066,1.069,1.066,1.068,5771872
2014-10-24,1.067,1.068,1.067,1.067,2030815
2014-10-27,1.068,1.071,1.052,1.066,3352422
2014-10-28,1.066,1.07,1.066,1.067,5275820
2014-10-29,1.068,1.07,1.068,1.069,7665280
2014-10-30,1.07,1.07,1.069,1.07,34061452
2014-10-31,1.07,1.074,1.069,1.074,8422596
2014-11-03,1.073,1.075,1.073,1.075,2276902
2014-11-04,1.074,1.079,1.074,1.079,2015852
2014-11-05,1.077,1.08,1.077,1.079,2935502
2014-11-06,1.08,1.081,1.079,1.081,2925867
2014-11-07,1.081,1.083,1.081,1.083,4966220
2014-11-10,1.083,1.088,1.082,1.087,2381904
2014-11-11,1.088,1.088,1.081,1.086,7841200
2014-11-12,1.085,1.089,1.085,1.089,3311275
2014-11-13,1.089,1.089,1.086,1.089,1350712
2014-11-14,1.088,1.09,1.086,1.088,3269376
2014-11-17,1.087,1.088,1.085,1.087,1968347
2014-11-18,1.087,1.088,1.085,1.086,4104700
2014-11-19,1.086,1.086,1.082,1.082,4247925
2014-11-20,1.083,1.085,1.08,1.084,4864968
2014-11-21,1.083,1.087,1.083,1.085,3938742
2014-11-24,1.086,1.088,1.082,1.087,8858334
2014-11-25,1.087,1.09,1.087,1.09,5417291
2014-11-26,1.09,1.091,1.087,1.088,6951400
2014-11-27,1.097,1.105,1.095,1.105,23262044
2014-11-28,1.1,1.102,1.097,1.101,13181599
2014-12-01,1.099,1.1,1.097,1.099,8242424
2014-12-02,1.098,1.101,1.098,1.101,12170893
2014-12-03,1.094,1.098,1.092,1.096,75080640
2014-12-04,1.096,1.096,1.092,1.093,49804740
2014-12-05,1.094,1.097,1.091,1.096,72954016
2014-12-08,1.095,1.096,1.091,1.094,42963568
2014-12-09,1.094,1.094,1.09,1.091,37252060
2014-12-10,1.09,1.09,1.085,1.09,23737888
2014-12-11,1.092,1.094,1.09,1.093,18093096
2014-12-12,1.095,1.095,1.093,1.095,23942604
2014-12-15,1.096,1.097,1.093,1.097,40994184
2014-12-16,1.095,1.097,1.095,1.097,28878512
2014-12-17,1.097,1.1,1.096,1.099,7771596
2014-12-18,1.102,1.107,1.102,1.107,31050124
2014-12-19,1.107,1.11,1.105,1.11,22158662
2014-12-22,1.112,1.118,1.111,1.115,16020723
2014-12-23,1.125,1.18,1.125,1.16,96995504
2014-12-24,1.13,1.156,1.128,1.138,56294012
2014-12-25,1.119,1.131,1.117,1.126,247757984
2014-12-26,1.128,1.153,1.128,1.143,309139744
2014-12-29,1.132,1.136,1.125,1.127,216595984
2014-12-30,1.124,1.128,1.121,1.127,163289520
2014-12-31,1.126,1.129,1.126,1.128,244412000
2015-01-05,1.129,1.132,1.127,1.128,162477040
2015-01-06,1.128,1.13,1.127,1.128,99088768
2015-01-07,1.128,1.134,1.128,1.133,140398656
2015-01-08,1.134,1.142,1.134,1.141,121677208
2015-01-09,1.141,1.149,1.141,1.146,122788360
2015-01-12,1.15,1.151,1.142,1.144,146035200
2015-01-13,1.146,1.151,1.144,1.151,166119968
2015-01-14,1.153,1.162,1.151,1.161,228191056
2015-01-15,1.153,1.161,1.151,1.159,242441712
2015-01-16,1.153,1.158,1.153,1.157,92918496
2015-01-19,1.155,1.16,1.155,1.157,82118080
2015-01-20,1.159,1.167,1.158,1.167,87023424
2015-01-21,1.167,1.168,1.164,1.168,75437016
2015-01-22,1.168,1.179,1.167,1.179,81153208
2015-01-23,1.175,1.179,1.173,1.178,56006932
2015-01-26,1.177,1.178,1.175,1.177,35736640
2015-01-27,1.177,1.178,1.172,1.176,44368604
2015-01-28,1.175,1.179,1.173,1.179,41886512
2015-01-29,1.178,1.192,1.178,1.191,44787144
2015-01-30,1.189,1.196,1.185,1.19,70147760
2015-02-02,1.19,1.208,1.19,1.197,112905440
2015-02-03,1.197,1.203,1.195,1.201,91589456
2015-02-04,1.202,1.217,1.202,1.216,151210592
2015-02-05,1.217,1.223,1.213,1.221,112371096
2015-02-06,1.221,1.223,1.194,1.201,148133456
2015-02-09,1.195,1.199,1.185,1.195,88846624
2015-02-10,1.195,1.198,1.189,1.19,120728936
2015-02-11,1.19,1.197,1.187,1.197,47761856
2015-02-12,1.19,1.196,1.188,1.19,99157616
2015-02-13,1.198,1.212,1.198,1.21,129878528
2015-02-16,1.213,1.218,1.198,1.201,153158800
2015-02-17,1.206,1.208,1.2,1.205,94548800
2015-02-25,1.204,1.205,1.2,1.202,39399824
2015-02-26,1.202,1.204,1.199,1.2,56833716
2015-02-27,1.201,1.204,1.201,1.204,59302740
2015-03-02,1.204,1.208,1.204,1.208,71720264
2015-03-03,1.21,1.214,1.203,1.206,156395792
2015-03-04,1.206,1.206,1.201,1.203,83156672
2015-03-05,1.203,1.204,1.196,1.202,144360448
2015-03-06,1.203,1.21,1.201,1.209,129533448
2015-03-09,1.21,1.214,1.207,1.211,110388120
2015-03-10,1.206,1.208,1.204,1.205,86871216
2015-03-11,1.205,1.206,1.199,1.203,110081440
2015-03-12,1.201,1.208,1.199,1.208,104643504
2015-03-13,1.208,1.212,1.207,1.211,97748904
2015-03-16,1.212,1.213,1.21,1.211,102407152
2015-03-17,1.211,1.212,1.209,1.21,89638240
2015-03-18,1.209,1.211,1.209,1.211,70860824
2015-03-19,1.21,1.211,1.206,1.208,78410472
2015-03-20,1.208,1.209,1.207,1.208,41830592
2015-03-23,1.208,1.208,1.202,1.205,130516536
2015-03-24,1.207,1.207,1.204,1.206,66441544
2015-03-25,1.205,1.206,1.203,1.204,56641828
2015-03-26,1.205,1.207,1.205,1.207,67486640
2015-03-27,1.206,1.207,1.204,1.206,60582728
2015-03-30,1.205,1.207,1.203,1.205,106615264
2015-03-31,1.203,1.204,1.2,1.201,103107704
2015-04-01,1.2,1.205,1.199,1.205,121244552
2015-04-02,1.204,1.208,1.203,1.206,102565568
2015-04-03,1.207,1.208,1.204,1.205,88600912
2015-04-07,1.205,1.207,1.205,1.207,79652632
2015-04-08,1.207,1.208,1.206,1.208,99295800
2015-04-09,1.208,1.213,1.207,1.212,129324504
2015-04-10,1.211,1.213,1.208,1.21,173643936
2015-04-13,1.209,1.209,1.204,1.205,106633264
2015-04-14,1.205,1.208,1.203,1.206,124498448
2015-04-15,1.205,1.207,1.203,1.207,113673600
2015-04-16,1.204,1.206,1.2,1.203,114574304
2015-04-17,1.207,1.208,1.205,1.207,169971408
2015-04-20,1.207,1.207,1.206,1.207,76095456
2015-04-21,1.207,1.207,1.206,1.207,86532320
2015-04-22,1.207,1.207,1.204,1.207,119063776
2015-04-23,1.207,1.208,1.206,1.208,68659328
2015-04-24,1.211,1.214,1.21,1.212,130566160
2015-04-27,1.212,1.212,1.209,1.211,87149464
2015-04-28,1.21,1.211,1.209,1.21,78062768
2015-04-29,1.21,1.211,1.208,1.21,96706872
2015-04-30,1.21,1.212,1.21,1.211,92784856
2015-05-04,1.212,1.212,1.211,1.211,80387024
2015-05-05,1.212,1.216,1.211,1.216,170456128
2015-05-06,1.214,1.217,1.213,1.215,74485024
2015-05-07,1.215,1.219,1.215,1.216,62451832
2015-05-08,1.216,1.217,1.214,1.217,83607576
2015-05-11,1.22,1.225,1.219,1.224,124615104
2015-05-12,1.224,1.233,1.224,1.23,115769552
2015-05-13,1.229,1.23,1.226,1.228,58313740
2015-05-14,1.227,1.228,1.225,1.226,94088584
2015-05-15,1.226,1.233,1.225,1.232,81761472
2015-05-18,1.23,1.231,1.227,1.23,71365096
2015-05-19,1.23,1.235,1.229,1.234,125723696
2015-05-20,1.233,1.24,1.232,1.237,122979632
2015-05-21,1.236,1.24,1.234,1.24,69665424
2015-05-22,1.246,1.252,1.246,1.251,187573120
2015-05-25,1.25,1.25,1.243,1.244,181092368
2015-05-26,1.24,1.243,1.238,1.241,144771392
2015-05-27,1.238,1.245,1.237,1.244,163861840
2015-05-28,1.244,1.253,1.243,1.248,272118816
2015-05-29,1.252,1.256,1.246,1.251,133965760
2015-06-01,1.253,1.255,1.248,1.251,277825536
2015-06-02,1.251,1.252,1.248,1.249,241916736
2015-06-03,1.249,1.256,1.243,1.254,209427360
2015-06-04,1.248,1.252,1.243,1.247,157204160
2015-06-05,1.253,1.255,1.25,1.254,255161376
2015-06-08,1.255,1.256,1.252,1.254,171816496
2015-06-09,1.253,1.257,1.252,1.257,114337184
2015-06-10,1.256,1.257,1.253,1.255,96724056
2015-06-11,1.256,1.256,1.254,1.254,118004864
2015-06-12,1.254,1.255,1.251,1.254,186857760
2015-06-15,1.253,1.253,1.247,1.247,141096288
2015-06-16,1.246,1.248,1.245,1.245,75766256
2015-06-17,1.245,1.245,1.24,1.243,161686384
2015-06-18,1.243,1.245,1.241,1.242,271660608
2015-06-19,1.242,1.25,1.24,1.246,205833936
2015-06-23,1.249,1.252,1.248,1.252,146647712
2015-06-24,1.256,1.259,1.255,1.258,165188016
2015-06-25,1.259,1.26,1.256,1.26,175143456
2015-06-26,1.259,1.259,1.253,1.257,268102880
2015-06-29,1.256,1.256,1.247,1.25,315951552
2015-06-30,1.247,1.25,1.245,1.247,196574752
2015-07-01,1.25,1.251,1.248,1.249,184510464
2015-07-02,1.248,1.25,1.246,1.247,166125312
2015-07-03,1.243,1.243,1.23,1.238,297075552
2015-07-06,1.235,1.237,1.232,1.235,655210432
2015-07-07,1.235,1.235,1.23,1.232,386803232
2015-07-08,1.231,1.238,1.223,1.234,335273152
2015-07-09,1.232,1.238,1.232,1.237,155587680
2015-07-10,1.236,1.238,1.236,1.238,128906952
2015-07-13,1.237,1.243,1.237,1.241,138500128
2015-07-14,1.241,1.242,1.239,1.241,147833104
2015-07-15,1.241,1.241,1.239,1.24,63877980
2015-07-16,1.24,1.241,1.238,1.24,30805924
2015-07-17,1.24,1.243,1.24,1.242,20706482
2015-07-20,1.242,1.244,1.241,1.243,35777824
2015-07-21,1.243,1.244,1.242,1.243,29426468
2015-07-22,1.243,1.243,1.241,1.243,27059294
2015-07-23,1.243,1.243,1.239,1.241,59269100
2015-07-24,1.243,1.245,1.242,1.243,46739700
2015-07-27,1.243,1.243,1.24,1.241,76288440
2015-07-28,1.24,1.24,1.237,1.239,156392464
2015-07-29,1.239,1.24,1.238,1.24,87373128
2015-07-30,1.24,1.241,1.24,1.241,27856964
2015-07-31,1.24,1.24,1.239,1.24,3905232
2015-08-03,1.239,1.24,1.238,1.24,8347800
2015-08-04,1.24,1.24,1.237,1.24,14366921
2015-08-05,1.24,1.24,1.238,1.238,6707482
2015-08-06,1.238,1.239,1.238,1.239,5247210
2015-08-07,1.239,1.24,1.238,1.24,8909182
2015-08-10,1.239,1.241,1.239,1.241,14311900
2015-08-11,1.241,1.242,1.24,1.24,5754020
2015-08-12,1.24,1.241,1.24,1.24,14663912
2015-08-13,1.24,1.241,1.239,1.24,41824280
2015-08-14,1.24,1.241,1.24,1.241,16236336
2015-08-17,1.24,1.241,1.24,1.24,10139702
2015-08-18,1.24,1.241,1.24,1.24,9799959
2015-08-19,1.239,1.24,1.238,1.239,18719276
2015-08-20,1.238,1.239,1.237,1.237,19313800
2015-08-21,1.237,1.238,1.235,1.236,9059150
2015-08-24,1.234,1.234,1.231,1.232,31526300
2015-08-25,1.23,1.23,1.227,1.227,25435356
2015-08-26,1.228,1.229,1.227,1.227,6113645
2015-08-27,1.228,1.229,1.227,1.229,26469134
2015-08-28,1.229,1.231,1.229,1.23,12752713
2015-08-31,1.232,1.232,1.23,1.23,10715142
2015-09-01,1.23,1.23,1.229,1.229,5321698
2015-09-02,1.229,1.23,1.229,1.23,2418525
2015-09-07,1.229,1.23,1.229,1.229,675354
2015-09-08,1.229,1.231,1.229,1.231,4311522
2015-09-09,1.231,1.233,1.231,1.232,4014328
2015-09-10,1.232,1.233,1.231,1.232,13330102
2015-09-11,1.232,1.233,1.231,1.232,5730200
2015-09-14,1.231,1.233,1.229,1.229,17867200
2015-09-15,1.229,1.23,1.229,1.229,1427000
2015-09-16,1.228,1.233,1.228,1.233,3180700
2015-09-17,1.231,1.232,1.23,1.231,3581076
2015-09-18,1.232,1.232,1.229,1.23,9923965
2015-09-21,1.23,1.232,1.23,1.232,3021511
2015-09-22,1.233,1.234,1.232,1.233,3347342
2015-09-23,1.233,1.234,1.232,1.233,3401508
2015-09-24,1.232,1.233,1.232,1.233,3015704
2015-09-25,1.232,1.235,1.232,1.232,8274902
2015-09-28,1.231,1.232,1.231,1.232,1115123
2015-09-29,1.232,1.232,1.231,1.232,746675
2015-09-30,1.232,1.235,1.232,1.235,3084800
2015-10-08,1.235,1.235,1.233,1.234,6107200
2015-10-09,1.235,1.236,1.234,1.236,15463715
2015-10-12,1.235,1.238,1.235,1.238,13459634
2015-10-13,1.238,1.239,1.238,1.238,1948600
2015-10-14,1.239,1.24,1.238,1.239,10122246
2015-10-15,1.239,1.241,1.239,1.24,13962760
2015-10-16,1.241,1.242,1.241,1.242,15823307
2015-10-19,1.242,1.242,1.24,1.242,17511912
2015-10-20,1.24,1.242,1.24,1.242,6061535
2015-10-21,1.242,1.243,1.24,1.241,7851035
2015-10-22,1.239,1.242,1.239,1.242,4197201
2015-10-23,1.244,1.246,1.243,1.246,14325311
2015-10-26,1.248,1.25,1.246,1.247,8843304
2015-10-27,1.249,1.25,1.247,1.25,7744823
2015-10-28,1.249,1.25,1.248,1.248,3245573
2015-10-29,1.247,1.248,1.246,1.248,1847153
2015-10-30,1.248,1.25,1.248,1.249,2713900
2015-11-02,1.25,1.253,1.25,1.252,2498351
2015-11-03,1.252,1.253,1.251,1.252,3345208
2015-11-04,1.253,1.262,1.253,1.258,7249886
2015-11-05,1.258,1.261,1.258,1.261,4889753
2015-11-06,1.26,1.263,1.259,1.262,8689964
2015-11-09,1.276,1.278,1.272,1.278,22447304
2015-11-10,1.278,1.279,1.275,1.278,15352309
2015-11-11,1.277,1.28,1.275,1.28,15800548
2015-11-12,1.282,1.29,1.282,1.29,7905890
2015-11-13,1.286,1.293,1.286,1.293,5533600
2015-11-16,1.291,1.293,1.289,1.292,7578508
2015-11-17,1.292,1.292,1.287,1.288,9419260
2015-11-18,1.285,1.287,1.284,1.285,11836320
2015-11-19,1.284,1.286,1.283,1.286,16217503
2015-11-20,1.285,1.286,1.283,1.285,16027025
2015-11-23,1.285,1.285,1.283,1.283,19137150
2015-11-24,1.283,1.289,1.283,1.288,41574868
2015-11-25,1.286,1.291,1.286,1.291,20914600
2015-11-26,1.29,1.291,1.289,1.289,16171590
2015-11-27,1.289,1.289,1.285,1.286,27899924
2015-11-30,1.286,1.289,1.286,1.288,34779696
2015-12-01,1.287,1.288,1.286,1.287,19895868
2015-12-02,1.287,1.287,1.286,1.287,14483243
2015-12-03,1.286,1.287,1.285,1.286,15208104
2015-12-04,1.286,1.286,1.284,1.286,23749048
2015-12-07,1.284,1.285,1.283,1.284,22546892
2015-12-08,1.285,1.285,1.282,1.283,18501460
2015-12-09,1.282,1.284,1.282,1.283,18686578
2015-12-10,1.283,1.283,1.28,1.281,17504258
2015-12-11,1.28,1.281,1.278,1.279,34477136
2015-12-14,1.277,1.279,1.277,1.279,28341364
2015-12-15,1.279,1.28,1.277,1.28,12959156
2015-12-16,1.28,1.28,1.277,1.278,16538762
2015-12-17,1.28,1.28,1.279,1.28,15062438
2015-12-18,1.28,1.281,1.28,1.28,1987047
2015-12-21,1.28,1.28,1.278,1.28,11095518
2015-12-22,1.28,1.281,1.279,1.279,6301000
2015-12-23,1.28,1.281,1.28,1.281,11014500
2015-12-24,1.281,1.283,1.281,1.283,7731971
2015-12-25,1.284,1.286,1.284,1.286,8620376
2015-12-28,1.287,1.288,1.286,1.286,18790056
2015-12-29,1.284,1.285,1.284,1.285,9333809
2015-12-30,1.285,1.285,1.284,1.285,4807752
2015-12-31,1.284,1.285,1.283,1.284,5478717
2016-01-04,1.284,1.284,1.28,1.283,7782978
2016-01-05,1.28,1.282,1.28,1.281,12479310
2016-01-06,1.282,1.283,1.281,1.283,10492762
2016-01-07,1.285,1.285,1.283,1.283,6985508
2016-01-08,1.283,1.283,1.281,1.283,37540084
2016-01-11,1.283,1.283,1.282,1.282,18509744
2016-01-12,1.282,1.283,1.281,1.282,17898316
2016-01-13,1.282,1.283,1.281,1.282,10570900
2016-01-14,1.28,1.281,1.279,1.281,10222200
2016-01-15,1.28,1.281,1.279,1.279,7906081
2016-01-18,1.279,1.279,1.277,1.278,12577161
2016-01-19,1.278,1.28,1.277,1.28,18388672
2016-01-20,1.28,1.281,1.279,1.28,9211181
2016-01-21,1.28,1.28,1.279,1.279,11444200
2016-01-22,1.277,1.279,1.277,1.279,3673857
2016-01-25,1.279,1.279,1.277,1.278,4170302
2016-01-26,1.278,1.279,1.276,1.276,11514000
2016-01-27,1.276,1.277,1.274,1.276,20650396
2016-01-28,1.274,1.275,1.273,1.273,15388647
2016-01-29,1.274,1.275,1.273,1.275,7475097
2016-02-01,1.274,1.275,1.272,1.273,32217156
2016-02-02,1.274,1.276,1.274,1.275,38093216
2016-02-03,1.274,1.275,1.274,1.275,2814964
2016-02-04,1.274,1.275,1.274,1.275,5593200
2016-02-05,1.276,1.277,1.276,1.277,1764364
2016-02-15,1.275,1.277,1.275,1.276,1349633
2016-02-16,1.277,1.279,1.276,1.279,1768028
2016-02-17,1.277,1.279,1.277,1.278,2971437
2016-02-18,1.278,1.279,1.277,1.279,9350100
2016-02-19,1.279,1.28,1.279,1.28,523100
2016-02-22,1.28,1.283,1.28,1.282,1320885
2016-02-23,1.282,1.282,1.28,1.281,3202900
2016-02-24,1.282,1.282,1.28,1.281,8685168
2016-02-25,1.279,1.279,1.275,1.276,5250823
2016-02-26,1.273,1.276,1.273,1.274,1772366
2016-02-29,1.272,1.272,1.267,1.268,6589871
2016-03-01,1.269,1.27,1.267,1.27,5872080
2016-03-02,1.269,1.275,1.269,1.274,6236894
2016-03-03,1.271,1.272,1.269,1.27,3788315
2016-03-04,1.269,1.27,1.268,1.268,807270
2016-03-07,1.269,1.27,1.269,1.27,4347912
2016-03-08,1.269,1.27,1.268,1.27,1412650
2016-03-09,1.27,1.27,1.268,1.268,3415883
2016-03-10,1.269,1.269,1.268,1.268,4361600
2016-03-11,1.269,1.27,1.269,1.27,3172898
2016-03-14,1.271,1.272,1.27,1.27,3112200
2016-03-15,1.272,1.272,1.271,1.271,1316570
2016-03-16,1.271,1.271,1.269,1.269,3474260
2016-03-17,1.271,1.273,1.271,1.272,6500408
2016-03-18,1.272,1.274,1.272,1.274,1537600
2016-03-21,1.275,1.277,1.274,1.276,3218100
2016-03-22,1.275,1.276,1.275,1.275,2100426
2016-03-23,1.276,1.277,1.276,1.277,660413
2016-03-24,1.277,1.278,1.277,1.277,1126416
2016-03-25,1.276,1.276,1.275,1.276,617730
2016-03-28,1.275,1.276,1.274,1.276,490300
2016-03-29,1.274,1.274,1.27,1.27,178500
2016-03-30,1.27,1.274,1.27,1.274,6803837
2016-03-31,1.275,1.276,1.273,1.275,2873930
2016-04-01,1.274,1.274,1.273,1.274,2082012
2016-04-05,1.275,1.277,1.275,1.277,2315322
2016-04-06,1.277,1.278,1.277,1.278,1959900
2016-04-07,1.28,1.28,1.278,1.278,2561536
2016-04-08,1.279,1.279,1.278,1.279,2940701
2016-04-11,1.279,1.281,1.279,1.281,1869600
2016-04-12,1.282,1.282,1.281,1.282,3253585
2016-04-13,1.281,1.284,1.281,1.282,1608281
2016-04-14,1.282,1.283,1.281,1.282,801000
2016-04-15,1.281,1.282,1.281,1.281,1656402
2016-04-18,1.283,1.283,1.281,1.283,1413145
2016-04-19,1.281,1.281,1.28,1.281,315300
2016-04-20,1.281,1.281,1.274,1.277,1496504
2016-04-21,1.271,1.273,1.271,1.272,1031300
2016-04-22,1.27,1.27,1.268,1.27,435400
2016-04-25,1.27,1.27,1.265,1.267,386400
2016-04-26,1.266,1.268,1.266,1.267,1124800
2016-04-27,1.266,1.268,1.266,1.266,419200
2016-04-28,1.269,1.269,1.266,1.269,551751
2016-04-29,1.269,1.271,1.269,1.271,324250
2016-05-03,1.271,1.272,1.269,1.272,2660600
2016-05-04,1.272,1.273,1.271,1.272,1856106
2016-05-05,1.274,1.275,1.273,1.275,698175
2016-05-06,1.275,1.275,1.272,1.272,1496400
2016-05-09,1.268,1.268,1.266,1.267,229544
2016-05-10,1.269,1.272,1.268,1.27,389400
2016-05-11,1.27,1.271,1.27,1.271,283000
2016-05-12,1.267,1.268,1.266,1.267,378200
2016-05-13,1.268,1.27,1.267,1.267,850400
2016-05-16,1.268,1.27,1.268,1.27,1004962
2016-05-17,1.27,1.272,1.269,1.27,2254914
2016-05-18,1.268,1.268,1.266,1.266,661500
2016-05-19,1.266,1.266,1.265,1.266,468900
2016-05-20,1.265,1.267,1.265,1.267,77684
2016-05-23,1.268,1.27,1.268,1.269,246700
2016-05-24,1.269,1.269,1.263,1.267,4120200
2016-05-25,1.269,1.27,1.269,1.269,725600
2016-05-26,1.27,1.27,1.268,1.27,511900
2016-05-27,1.27,1.271,1.27,1.271,239300
2016-05-30,1.271,1.271,1.27,1.271,1346518
2016-05-31,1.271,1.276,1.271,1.276,2163385
2016-06-01,1.277,1.277,1.276,1.277,1576361
2016-06-02,1.276,1.277,1.276,1.277,651100
2016-06-03,1.277,1.278,1.277,1.278,1064119
2016-06-06,1.278,1.28,1.278,1.278,171900
2016-06-07,1.278,1.279,1.277,1.279,1559144
2016-06-08,1.28,1.281,1.278,1.28,2287274
2016-06-13,1.279,1.28,1.276,1.276,425800
2016-06-14,1.276,1.278,1.275,1.275,241392
2016-06-15,1.276,1.278,1.276,1.278,1704443
2016-06-16,1.279,1.279,1.278,1.279,489977
2016-06-17,1.279,1.281,1.279,1.28,2950502
2016-06-20,1.28,1.281,1.279,1.281,901600
2016-06-21,1.283,1.284,1.283,1.283,2752077
2016-06-22,1.283,1.284,1.283,1.284,903070
2016-06-23,1.286,1.287,1.286,1.287,934200
2016-06-24,1.286,1.287,1.283,1.286,797058
2016-06-27,1.287,1.289,1.287,1.289,1986753
2016-06-28,1.29,1.294,1.29,1.294,4316453
2016-06-29,1.291,1.293,1.291,1.292,371200
2016-06-30,1.293,1.293,1.292,1.293,696241
2016-07-01,1.292,1.293,1.291,1.293,121800
2016-07-04,1.292,1.296,1.292,1.296,380900
2016-07-05,1.296,1.304,1.296,1.304,2246680
2016-07-06,1.3,1.302,1.3,1.302,302600
2016-07-07,1.302,1.302,1.297,1.301,648000
2016-07-08,1.301,1.301,1.3,1.3,622500
2016-07-11,1.302,1.306,1.301,1.305,2293561
2016-07-12,1.301,1.303,1.298,1.303,921214
2016-07-13,1.303,1.305,1.303,1.305,441780
2016-07-14,1.302,1.306,1.302,1.305,395584
2016-07-15,1.307,1.309,1.307,1.307,854520
2016-07-18,1.307,1.309,1.307,1.309,258703
2016-07-19,1.308,1.309,1.306,1.307,463900
2016-07-20,1.307,1.308,1.307,1.307,180560
2016-07-21,1.307,1.307,1.306,1.307,504541
2016-07-22,1.303,1.305,1.303,1.305,167090
2016-07-25,1.304,1.305,1.304,1.305,208800
2016-07-26,1.305,1.306,1.305,1.306,239300
2016-07-27,1.306,1.306,1.301,1.301,650000
2016-07-28,1.299,1.302,1.297,1.3,329201
2016-07-29,1.301,1.302,1.295,1.301,472900
2016-08-01,1.301,1.304,1.298,1.304,820017
2016-08-02,1.303,1.303,1.302,1.302,43100
2016-08-03,1.301,1.304,1.301,1.304,139400
2016-08-04,1.304,1.304,1.302,1.302,234300
2016-08-05,1.302,1.305,1.302,1.303,84347
2016-08-08,1.303,1.303,1.299,1.301,1260600
2016-08-09,1.301,1.301,1.3,1.301,599900
2016-08-10,1.301,1.303,1.3,1.301,507806
2016-08-11,1.3,1.302,1.3,1.3,469890
2016-08-12,1.3,1.301,1.298,1.3,272900
2016-08-15,1.303,1.307,1.302,1.305,1138003
2016-08-16,1.306,1.306,1.304,1.305,548900
2016-08-17,1.304,1.304,1.303,1.303,673500
2016-08-18,1.304,1.305,1.303,1.304,151300
2016-08-19,1.302,1.305,1.301,1.304,128900
2016-08-22,1.306,1.306,1.301,1.303,503840
2016-08-23,1.304,1.304,1.302,1.302,277900
2016-08-24,1.304,1.305,1.303,1.303,535087
2016-08-25,1.302,1.304,1.3,1.302,469269
2016-08-26,1.302,1.303,1.302,1.303,220400
2016-08-29,1.303,1.306,1.303,1.305,358131
2016-08-30,1.306,1.307,1.303,1.305,440300
2016-08-31,1.304,1.304,1.302,1.302,334500
2016-09-01,1.302,1.303,1.301,1.302,1130391
2016-09-02,1.303,1.303,1.302,1.302,263531
2016-09-05,1.302,1.304,1.301,1.304,784900
2016-09-06,1.302,1.304,1.301,1.303,732490
2016-09-07,1.303,1.304,1.303,1.304,614698
2016-09-08,1.303,1.304,1.303,1.304,119600
2016-09-09,1.304,1.305,1.304,1.305,403690
2016-09-12,1.304,1.304,1.302,1.302,487487
2016-09-13,1.302,1.303,1.301,1.301,571432
2016-09-14,1.302,1.303,1.301,1.303,122100
2016-09-19,1.301,1.302,1.301,1.301,688800
2016-09-20,1.302,1.302,1.301,1.301,264300
2016-09-21,1.302,1.303,1.302,1.303,289400
2016-09-22,1.303,1.304,1.303,1.304,657234
2016-09-23,1.304,1.304,1.303,1.304,144443
2016-09-26,1.303,1.303,1.301,1.301,1139543
2016-09-27,1.301,1.302,1.301,1.302,1166206
2016-09-28,1.303,1.303,1.301,1.301,581100
2016-09-29,1.3,1.302,1.3,1.302,498200
2016-09-30,1.301,1.301,1.3,1.301,227700
2016-10-10,1.302,1.303,1.302,1.302,1361067
2016-10-11,1.304,1.305,1.304,1.304,1244800
2016-10-12,1.304,1.305,1.304,1.305,256400
2016-10-13,1.304,1.305,1.303,1.304,2807932
2016-10-14,1.304,1.304,1.302,1.303,425758
2016-10-17,1.303,1.304,1.302,1.302,300400
2016-10-18,1.302,1.304,1.302,1.304,1924900
2016-10-19,1.305,1.305,1.304,1.304,216040
2016-10-20,1.304,1.305,1.303,1.304,2451002
2016-10-21,1.305,1.306,1.304,1.305,833502
2016-10-24,1.305,1.306,1.304,1.306,3063000
2016-10-25,1.306,1.306,1.304,1.305,2488881
2016-10-26,1.305,1.305,1.304,1.304,2266908
2016-10-27,1.304,1.304,1.303,1.304,621200
2016-10-28,1.303,1.304,1.301,1.301,130800
2016-10-31,1.302,1.302,1.302,1.302,62700
2016-11-01,1.303,1.304,1.302,1.303,3405488
2016-11-02,1.305,1.305,1.302,1.303,43100
2016-11-03,1.303,1.305,1.303,1.304,535800
2016-11-04,1.305,1.306,1.305,1.306,3520975
2016-11-07,1.308,1.308,1.307,1.307,2281405
2016-11-08,1.308,1.309,1.308,1.309,93013
2016-11-09,1.307,1.307,1.307,1.307,37300
2016-11-10,1.307,1.308,1.307,1.308,2626700
2016-11-11,1.308,1.308,1.308,1.308,299179
2016-11-14,1.307,1.309,1.307,1.308,305007
2016-11-15,1.307,1.307,1.306,1.306,562107
2016-11-16,1.308,1.308,1.306,1.306,268500
2016-11-17,1.307,1.307,1.305,1.305,205000
2016-11-18,1.305,1.307,1.305,1.305,121352
2016-11-21,1.307,1.307,1.306,1.307,139600
2016-11-22,1.309,1.31,1.308,1.309,339700
2016-11-23,1.31,1.311,1.309,1.31,206300
2016-11-24,1.308,1.309,1.308,1.309,31077
2016-11-25,1.309,1.309,1.306,1.307,86077
2016-11-28,1.308,1.31,1.308,1.31,120275
2016-11-29,1.309,1.309,1.306,1.306,162800
2016-11-30,1.307,1.307,1.301,1.302,261000
2016-12-01,1.302,1.302,1.302,1.302,38400
2016-12-02,1.303,1.303,1.297,1.297,314100
2016-12-05,1.296,1.297,1.295,1.295,188000
2016-12-06,1.296,1.296,1.294,1.295,25800
2016-12-07,1.295,1.295,1.293,1.294,959710
2016-12-08,1.295,1.296,1.295,1.295,220549
2016-12-09,1.295,1.296,1.295,1.296,97100
2016-12-12,1.294,1.296,1.288,1.288,101300
2016-12-13,1.288,1.289,1.285,1.288,3819536
2016-12-14,1.29,1.29,1.287,1.288,781900
2016-12-15,1.286,1.286,1.281,1.282,635500
2016-12-16,1.282,1.284,1.279,1.282,172300
2016-12-19,1.286,1.288,1.286,1.288,7900
2016-12-20,1.28,1.28,1.276,1.276,2138441
2016-12-21,1.276,1.279,1.276,1.276,1396200
2016-12-22,1.271,1.277,1.271,1.276,1686100
2016-12-23,1.276,1.278,1.275,1.275,304600
2016-12-26,1.278,1.29,1.278,1.28,77200
2016-12-27,1.278,1.285,1.277,1.277,360300
2016-12-28,1.277,1.279,1.275,1.279,195700
2016-12-29,1.276,1.278,1.276,1.278,26400
2016-12-30,1.279,1.279,1.278,1.279,8578
2017-01-03,1.279,1.28,1.279,1.28,729300
2017-01-04,1.28,1.282,1.28,1.282,1302141
2017-01-05,1.282,1.283,1.282,1.282,551900
2017-01-06,1.283,1.283,1.281,1.282,71600
2017-01-09,1.28,1.288,1.28,1.287,215801
2017-01-10,1.283,1.284,1.281,1.281,50600
2017-01-11,1.283,1.284,1.281,1.281,175200
2017-01-12,1.281,1.283,1.281,1.281,61700
2017-01-13,1.282,1.283,1.282,1.283,20600
2017-01-16,1.281,1.281,1.28,1.28,79800
2017-01-17,1.279,1.282,1.279,1.279,49900
2017-01-18,1.28,1.28,1.278,1.278,4080
2017-01-19,1.278,1.28,1.278,1.28,57400
2017-01-20,1.276,1.279,1.276,1.279,31900
2017-01-23,1.277,1.279,1.277,1.277,161000
2017-01-24,1.279,1.281,1.278,1.279,100204
2017-01-25,1.279,1.281,1.279,1.28,140000
2017-01-26,1.28,1.283,1.279,1.283,131202
2017-02-03,1.281,1.281,1.281,1.281,4000
2017-02-06,1.284,1.284,1.28,1.282,9700
2017-02-07,1.28,1.28,1.278,1.279,3744903
2017-02-08,1.279,1.28,1.278,1.28,2678400
2017-02-09,1.279,1.279,1.278,1.278,229600
2017-02-10,1.279,1.28,1.279,1.28,144300
2017-02-13,1.279,1.281,1.279,1.281,582800
2017-02-14,1.28,1.281,1.28,1.28,6400
2017-02-15,1.28,1.281,1.28,1.28,372713
2017-02-16,1.28,1.281,1.28,1.281,923200
2017-02-17,1.281,1.282,1.279,1.279,285522
2017-02-20,1.279,1.281,1.279,1.281,106100
2017-02-21,1.282,1.292,1.282,1.284,273800
2017-02-22,1.283,1.284,1.28,1.281,252500
2017-02-23,1.283,1.283,1.282,1.282,305600
2017-02-24,1.282,1.282,1.282,1.282,202300
2017-02-27,1.283,1.283,1.281,1.281,626801
2017-02-28,1.281,1.282,1.281,1.281,204709
2017-03-01,1.283,1.283,1.283,1.283,31017
2017-03-02,1.282,1.282,1.282,1.282,79800
2017-03-03,1.281,1.281,1.281,1.281,50300
2017-03-06,1.281,1.282,1.281,1.282,386000
2017-03-07,1.282,1.282,1.282,1.282,15000
2017-03-08,1.282,1.282,1.282,1.282,500
2017-03-09,1.281,1.281,1.281,1.281,62000
2017-03-10,1.28,1.281,1.28,1.281,1391300
2017-03-13,1.281,1.281,1.28,1.281,671200
2017-03-14,1.281,1.281,1.281,1.281,348600
2017-03-15,1.282,1.283,1.282,1.282,105500
2017-03-16,1.283,1.283,1.282,1.282,1329501
2017-03-17,1.284,1.284,1.284,1.284,404400
2017-03-20,1.282,1.282,1.282,1.282,505000
2017-03-21,1.281,1.281,1.28,1.281,2373660
2017-03-22,1.278,1.278,1.278,1.278,80004
2017-03-23,1.28,1.28,1.278,1.279,223400
2017-03-24,1.28,1.28,1.28,1.28,497300
2017-03-27,1.281,1.282,1.281,1.281,222333
2017-03-28,1.281,1.281,1.281,1.281,262600
2017-03-29,1.281,1.281,1.281,1.281,260000
2017-03-30,1.28,1.28,1.279,1.279,30000
2017-03-31,1.279,1.28,1.279,1.28,32500
2017-04-05,1.281,1.282,1.281,1.282,363300
2017-04-06,1.281,1.283,1.281,1.282,130101
2017-04-07,1.282,1.283,1.281,1.283,50300
2017-04-10,1.282,1.282,1.281,1.281,756632
2017-04-11,1.28,1.28,1.279,1.279,437600
2017-04-12,1.28,1.281,1.28,1.281,258300
2017-04-13,1.281,1.281,1.28,1.28,206300
2017-04-14,1.279,1.279,1.279,1.279,160200
2017-04-17,1.281,1.281,1.278,1.278,111300
2017-04-18,1.278,1.278,1.278,1.278,165782
2017-04-19,1.277,1.277,1.275,1.276,118100
2017-04-20,1.278,1.278,1.275,1.277,116100
2017-04-21,1.276,1.276,1.274,1.275,31200
2017-04-24,1.275,1.275,1.274,1.275,39819
2017-04-25,1.274,1.275,1.274,1.275,231400
2017-04-26,1.274,1.275,1.274,1.274,154500
2017-04-27,1.274,1.275,1.274,1.275,87599
2017-04-28,1.277,1.277,1.276,1.276,26500
2017-05-02,1.276,1.278,1.276,1.278,71391
2017-05-03,1.274,1.274,1.274,1.274,16200
2017-05-04,1.273,1.274,1.273,1.274,11101
2017-05-08,1.272,1.272,1.271,1.271,35400
2017-05-09,1.272,1.272,1.272,1.272,104100
2017-05-10,1.272,1.272,1.272,1.272,12500
2017-05-11,1.272,1.272,1.269,1.269,201900
2017-05-12,1.27,1.272,1.27,1.272,101500
2017-05-16,1.274,1.274,1.274,1.274,15000
2017-05-18,1.271,1.271,1.27,1.27,135700
2017-05-19,1.271,1.271,1.271,1.271,458175
2017-05-22,1.271,1.271,1.271,1.271,600
2017-05-23,1.272,1.273,1.271,1.273,1119210
2017-05-24,1.274,1.274,1.274,1.274,7900
2017-05-25,1.272,1.276,1.272,1.275,470500
2017-05-26,1.276,1.277,1.276,1.277,48600
2017-05-31,1.279,1.279,1.279,1.279,100
2017-06-01,1.279,1.279,1.279,1.279,18000
2017-06-02,1.279,1.279,1.278,1.279,44500
2017-06-05,1.279,1.28,1.279,1.28,154800
2017-06-06,1.277,1.28,1.277,1.28,4800
2017-06-07,1.277,1.279,1.277,1.279,151200
2017-06-08,1.279,1.279,1.279,1.279,111300
2017-06-09,1.28,1.28,1.28,1.28,173500
2017-06-12,1.28,1.28,1.28,1.28,8700
2017-06-13,1.28,1.281,1.28,1.281,30000
2017-06-14,1.281,1.281,1.281,1.281,766
2017-06-15,1.282,1.282,1.281,1.282,107200
2017-06-16,1.281,1.281,1.28,1.28,144100
2017-06-19,1.281,1.281,1.281,1.281,1100
2017-06-20,1.282,1.282,1.282,1.282,100
2017-06-21,1.283,1.283,1.282,1.282,133400
2017-06-22,1.283,1.285,1.283,1.285,940100
2017-06-23,1.284,1.284,1.284,1.284,9800
2017-06-26,1.285,1.285,1.284,1.285,122800
2017-06-27,1.285,1.285,1.285,1.285,22242
2017-06-28,1.286,1.287,1.286,1.287,32500
2017-06-29,1.287,1.287,1.287,1.287,19200
2017-06-30,1.288,1.289,1.288,1.289,107300
2017-07-03,1.289,1.29,1.286,1.29,423957
2017-07-04,1.29,1.29,1.289,1.29,56500
2017-07-05,1.292,1.292,1.288,1.29,40787
2017-07-06,1.291,1.291,1.291,1.291,506500
2017-07-07,1.29,1.292,1.29,1.292,11900
2017-07-10,1.294,1.294,1.291,1.291,809900
2017-07-11,1.292,1.295,1.292,1.295,206399
2017-07-12,1.296,1.299,1.296,1.299,187300
2017-07-13,1.299,1.301,1.299,1.301,24077
2017-07-14,1.303,1.303,1.302,1.303,864000
2017-07-17,1.304,1.305,1.303,1.303,320013
2017-07-18,1.305,1.306,1.304,1.304,182300
2017-07-19,1.306,1.308,1.306,1.308,120600
2017-07-20,1.307,1.307,1.306,1.307,176200
2017-07-21,1.308,1.308,1.307,1.307,15100
2017-07-24,1.308,1.308,1.308,1.308,17400
2017-07-25,1.31,1.312,1.31,1.312,58800
2017-07-26,1.312,1.313,1.312,1.312,92800
2017-07-27,1.312,1.313,1.311,1.311,22000
2017-07-28,1.311,1.312,1.311,1.312,25200
2017-07-31,1.312,1.313,1.312,1.313,56112
2017-08-01,1.313,1.313,1.311,1.313,25300
2017-08-02,1.314,1.315,1.314,1.314,27000
2017-08-03,1.317,1.319,1.317,1.317,34400
2017-08-04,1.317,1.319,1.317,1.318,3800
2017-08-07,1.316,1.317,1.315,1.317,49800
2017-08-08,1.316,1.316,1.315,1.316,64100
2017-08-09,1.317,1.317,1.315,1.316,70300
2017-08-10,1.311,1.311,1.308,1.31,8500
2017-08-11,1.31,1.31,1.309,1.31,25000
2017-08-14,1.306,1.306,1.306,1.306,20000
2017-08-15,1.31,1.311,1.309,1.311,163500
2017-08-16,1.311,1.311,1.308,1.308,39500
2017-08-17,1.311,1.311,1.311,1.311,143600
2017-08-18,1.311,1.311,1.311,1.311,15100
2017-08-21,1.312,1.312,1.312,1.312,215900
2017-08-22,1.314,1.314,1.314,1.314,50000
2017-08-23,1.316,1.317,1.316,1.317,21400
2017-08-24,1.32,1.32,1.319,1.32,97300
2017-08-25,1.321,1.325,1.321,1.324,245600
2017-08-28,1.33,1.33,1.329,1.329,3100
2017-08-30,1.329,1.329,1.327,1.327,1200
2017-08-31,1.325,1.325,1.323,1.323,600
2017-09-01,1.322,1.322,1.322,1.322,460400
2017-09-04,1.32,1.322,1.32,1.322,246100
2017-09-05,1.328,1.328,1.327,1.327,35802
2017-09-06,1.326,1.326,1.326,1.326,83000
2017-09-12,1.332,1.332,1.323,1.325,12500
2017-09-13,1.325,1.325,1.325,1.325,90000
2017-09-15,1.321,1.321,1.32,1.32,150000
2017-09-18,1.322,1.323,1.322,1.322,138229
2017-09-19,1.322,1.322,1.32,1.32,140400
2017-09-20,1.321,1.321,1.32,1.32,100000
2017-09-21,1.324,1.324,1.324,1.324,32400
2017-09-22,1.325,1.327,1.325,1.326,126608
2017-09-25,1.328,1.328,1.328,1.328,300
2017-09-26,1.327,1.327,1.325,1.326,15001
2017-09-27,1.325,1.325,1.323,1.323,116000
2017-09-28,1.323,1.323,1.321,1.321,39300
2017-09-29,1.324,1.324,1.324,1.324,100
2017-10-09,1.328,1.329,1.327,1.327,27800
2017-10-10,1.327,1.327,1.327,1.327,900
2017-10-11,1.328,1.329,1.328,1.329,182985
2017-10-12,1.329,1.33,1.329,1.33,80200
2017-10-13,1.33,1.33,1.328,1.329,305300
2017-10-16,1.328,1.33,1.328,1.33,51400
2017-10-17,1.33,1.33,1.33,1.33,200
2017-10-18,1.33,1.33,1.33,1.33,2800
2017-10-19,1.333,1.333,1.333,1.333,22800
2017-10-20,1.334,1.334,1.334,1.334,24600
2017-10-23,1.332,1.332,1.332,1.332,41907
2017-10-24,1.332,1.332,1.332,1.332,20000
2017-10-25,1.331,1.331,1.33,1.33,16085
2017-10-26,1.33,1.332,1.33,1.332,27485
2017-10-27,1.331,1.331,1.331,1.331,52900
2017-10-30,1.345,1.345,1.327,1.328,3300
2017-11-01,1.326,1.326,1.326,1.326,7600
2017-11-03,1.321,1.321,1.321,1.321,2700
2017-11-06,1.323,1.323,1.322,1.323,48677
2017-11-07,1.325,1.325,1.325,1.325,900
2017-11-08,1.323,1.326,1.322,1.326,32900
2017-11-09,1.322,1.323,1.32,1.323,116507
2017-11-10,1.322,1.322,1.318,1.318,34400
2017-11-13,1.32,1.324,1.32,1.324,228573
2017-11-14,1.323,1.323,1.323,1.323,30000
2017-11-15,1.321,1.321,1.32,1.321,6700
2017-11-16,1.325,1.325,1.32,1.32,3700
2017-11-17,1.321,1.322,1.321,1.322,5880
2017-11-20,1.322,1.322,1.322,1.322,500
2017-11-21,1.327,1.327,1.325,1.325,43900
2017-11-22,1.327,1.327,1.327,1.327,1100
2017-11-23,1.322,1.322,1.322,1.322,30000
2017-11-27,1.32,1.32,1.313,1.314,27400
2017-11-28,1.319,1.319,1.314,1.317,68800
2017-11-29,1.318,1.318,1.318,1.318,11900
2017-11-30,1.321,1.321,1.318,1.318,18100
2017-12-04,1.318,1.318,1.318,1.318,300
2017-12-05,1.319,1.319,1.319,1.319,1
2017-12-06,1.319,1.319,1.319,1.319,75594
2017-12-07,1.317,1.318,1.317,1.318,36900
2017-12-08,1.319,1.319,1.319,1.319,9330
2017-12-11,1.32,1.32,1.32,1.32,24803
2017-12-12,1.32,1.32,1.32,1.32,13000
2017-12-14,1.32,1.32,1.319,1.32,21604
2017-12-27,1.321,1.322,1.321,1.321,1177
2017-12-28,1.32,1.32,1.319,1.319,173400
2017-12-29,1.321,1.321,1.321,1.321,121800
2018-01-02,1.325,1.325,1.323,1.323,10100
2018-01-03,1.328,1.328,1.327,1.327,10600
2018-01-04,1.327,1.327,1.326,1.326,10000
2018-01-05,1.325,1.325,1.324,1.325,3000
2018-01-08,1.326,1.328,1.326,1.328,69401
2018-01-09,1.328,1.329,1.328,1.329,52747
2018-01-10,1.329,1.329,1.328,1.328,105400
2018-01-11,1.329,1.331,1.329,1.331,31100
2018-01-12,1.331,1.331,1.33,1.33,55275
2018-01-15,1.331,1.331,1.33,1.33,59500
2018-01-16,1.334,1.335,1.333,1.335,63400
2018-01-17,1.342,1.345,1.34,1.34,71000
2018-01-18,1.34,1.341,1.34,1.341,581
2018-01-19,1.345,1.348,1.345,1.348,79000
2018-01-22,1.346,1.352,1.346,1.349,87613
2018-01-23,1.352,1.36,1.352,1.36,100100
2018-01-24,1.359,1.36,1.353,1.353,87500
2018-01-25,1.36,1.361,1.359,1.359,19000
2018-01-26,1.357,1.358,1.355,1.358,3100
2018-01-29,1.356,1.358,1.355,1.358,31600
2018-01-30,1.347,1.349,1.347,1.348,5300
2018-01-31,1.351,1.351,1.351,1.351,10000
2018-02-01,1.347,1.347,1.345,1.345,1581
2018-02-02,1.346,1.346,1.346,1.346,4500
2018-02-05,1.346,1.347,1.346,1.347,34102
2018-02-06,1.349,1.349,1.342,1.342,29002
2018-02-07,1.339,1.339,1.321,1.321,2900
2018-02-08,1.323,1.33,1.317,1.33,18500
2018-02-09,1.242,1.327,1.242,1.327,2400
2018-02-12,1.287,1.32,1.287,1.32,7800
2018-02-13,1.303,1.304,1.303,1.304,2100
2018-02-14,1.304,1.304,1.304,1.304,6200
2018-02-22,1.31,1.31,1.31,1.31,50002
2018-02-23,1.33,1.33,1.33,1.33,200
2018-02-26,1.316,1.33,1.316,1.33,9600
2018-02-28,1.332,1.332,1.332,1.332,400
2018-03-01,1.311,1.311,1.311,1.311,6
2018-03-02,1.312,1.312,1.312,1.312,1000
2018-03-05,1.312,1.312,1.312,1.312,300
2018-03-06,1.311,1.311,1.311,1.311,1200
2018-03-09,1.32,1.32,1.32,1.32,7100
2018-03-12,1.322,1.322,1.322,1.322,4000
2018-03-13,1.32,1.32,1.32,1.32,74700
2018-03-15,1.319,1.333,1.319,1.333,21700
2018-03-16,1.316,1.318,1.316,1.318,140602
2018-03-19,1.303,1.319,1.303,1.319,5600
2018-03-20,1.313,1.33,1.213,1.326,68500
2018-03-21,1.319,1.335,1.319,1.32,18500
2018-03-22,1.32,1.33,1.314,1.33,17600
2018-03-23,1.295,1.315,1.23,1.314,43996
2018-03-26,1.287,1.287,1.28,1.28,28200
2018-03-27,1.284,1.284,1.284,1.284,5719
2018-03-29,1.297,1.297,1.297,1.297,2900
2018-03-30,1.279,1.279,1.279,1.279,1400
2018-04-02,1.281,1.281,1.281,1.281,50100
2018-04-03,1.276,1.307,1.193,1.297,25200
2018-04-04,1.295,1.307,1.295,1.3,22600
2018-04-09,1.276,1.277,1.276,1.277,30801
2018-04-10,1.277,1.295,1.277,1.295,77201
2018-04-11,1.295,1.296,1.295,1.296,160000
2018-04-12,1.297,1.299,1.292,1.293,167000
2018-04-16,1.289,1.29,1.289,1.29,166301
2018-04-19,1.277,1.277,1.277,1.277,100000
2018-04-23,1.277,1.279,1.277,1.277,443500
2018-04-25,1.307,1.307,1.288,1.289,255409
2018-04-27,1.293,1.293,1.293,1.293,5100
2018-05-02,1.286,1.286,1.278,1.278,30200
2018-05-03,1.28,1.289,1.28,1.289,326001
2018-05-04,1.289,1.304,1.289,1.304,3304
2018-05-08,1.304,1.305,1.304,1.305,290200
2018-05-09,1.305,1.305,1.301,1.301,200900
2018-05-10,1.304,1.308,1.304,1.305,43400
2018-05-11,1.305,1.305,1.305,1.305,200
2018-05-14,1.3,1.305,1.3,1.305,1100
2018-05-15,1.305,1.305,1.305,1.305,100
2018-05-16,1.3,1.3,1.3,1.3,6100
2018-05-18,1.305,1.31,1.305,1.31,23200
2018-05-21,1.315,1.315,1.315,1.315,500
2018-05-22,1.281,1.281,1.281,1.281,300
2018-05-23,1.296,1.307,1.22,1.306,30100
2018-05-24,1.42,1.42,1.291,1.296,48700
2018-05-25,1.288,1.288,1.284,1.284,24800
2018-05-29,1.285,1.285,1.285,1.285,1500
2018-05-31,1.241,1.241,1.241,1.241,100
2018-06-04,1.349,1.349,1.349,1.349,800
2018-06-05,1.251,1.351,1.251,1.351,3100
2018-06-06,1.307,1.31,1.271,1.304,1600
2018-06-07,1.265,1.28,1.265,1.28,100333
2018-06-08,1.262,1.262,1.262,1.262,58002
2018-06-11,1.262,1.262,1.262,1.262,11900
2018-06-12,1.25,1.25,1.25,1.25,1000
2018-06-13,1.26,1.288,1.26,1.288,37800
2018-06-15,1.297,1.297,1.297,1.297,200
2018-06-19,1.241,1.286,1.229,1.229,16000
2018-06-22,1.21,1.239,1.21,1.239,4100
2018-06-28,1.238,1.238,1.2,1.21,85304
2018-07-02,1.214,1.214,1.214,1.214,1900
2018-07-05,1.208,1.208,1.208,1.208,5000
2018-07-10,1.212,1.212,1.212,1.212,1
2018-07-12,1.213,1.213,1.213,1.213,500
2018-07-13,1.257,1.257,1.224,1.226,400
2018-07-16,1.265,1.265,1.265,1.265,100
2018-07-19,1.225,1.225,1.225,1.225,38000
2018-07-23,1.231,1.231,1.231,1.231,100
2018-07-25,1.245,1.246,1.245,1.246,400
2018-07-26,1.23,1.23,1.23,1.23,100
2018-07-27,1.265,1.265,1.265,1.265,100
2018-08-02,1.2,1.23,1.2,1.23,3700
2018-08-03,1.193,1.193,1.193,1.193,3600
2018-08-21,1.288,1.288,1.285,1.285,300
2018-08-24,1.167,1.269,1.167,1.269,500
2018-08-27,1.162,1.162,1.162,1.162,400
2018-08-28,1.188,1.188,1.187,1.188,828
2018-09-04,1.19,1.19,1.19,1.19,200
2018-09-19,1.152,1.152,1.152,1.152,7700
2018-09-20,1.16,1.16,1.16,1.16,100
2018-09-25,1.168,1.198,1.16,1.197,22200
2018-09-26,1.185,1.185,1.185,1.185,3000
2018-09-28,1.172,1.199,1.109,1.199,18300
2018-10-08,1.198,1.242,1.168,1.168,19800
2018-10-11,1.119,1.119,1.115,1.115,19300
2018-10-12,1.123,1.22,1.118,1.118,87309
2018-10-15,1.11,1.11,1.063,1.065,19309
2018-10-16,1.081,1.149,1.081,1.147,30800
2018-10-18,1.082,1.082,1.082,1.082,20200
2018-10-19,1.108,1.18,1.108,1.179,20500
2018-10-22,1.177,1.177,1.177,1.177,3000
2018-10-30,1.12,1.12,1.103,1.103,20800
2018-10-31,1.178,1.21,1.178,1.209,21628
2018-11-01,1.11,1.11,1.11,1.11,21628
2018-11-02,1.206,1.206,1.206,1.206,21600
2018-11-05,1.124,1.124,1.124,1.124,21600
2018-11-06,1.199,1.199,1.199,1.199,21600
2018-11-07,1.123,1.123,1.123,1.123,100
2018-11-08,1.127,1.127,1.127,1.127,21600
2018-11-09,1.114,1.196,1.112,1.196,35000
2018-11-12,1.109,1.193,1.109,1.193,22900
2018-11-13,1.19,1.19,1.122,1.122,22900
2018-11-15,1.122,1.122,1.122,1.122,21600
2018-11-16,1.179,1.179,1.179,1.179,21700
2018-11-20,1.129,1.129,1.129,1.129,17100
2018-11-23,1.12,1.196,1.115,1.191,20800
2018-11-26,1.109,1.109,1.109,1.109,20200
2018-11-27,1.192,1.192,1.192,1.192,20000
2018-11-28,1.113,1.155,1.113,1.154,24200
2018-11-29,1.169,1.169,1.118,1.118,23800
2018-11-30,1.103,1.103,1.103,1.103,23400
2018-12-03,1.169,1.169,1.166,1.166,23500
2018-12-04,1.123,1.13,1.123,1.13,24381
2018-12-06,1.13,1.171,1.13,1.169,24400
2018-12-07,1.118,1.119,1.118,1.119,31000
2018-12-10,1.165,1.165,1.165,1.165,24600
2018-12-11,1.119,1.119,1.119,1.119,24600
2018-12-12,1.161,1.161,1.161,1.161,24600
2018-12-13,1.121,1.128,1.121,1.128,24610
2018-12-14,1.169,1.169,1.169,1.169,24600
2018-12-17,1.131,1.145,1.106,1.145,26083
2018-12-18,1.136,1.169,1.117,1.12,27700
2018-12-19,1.12,1.12,1.12,1.12,25100
2018-12-20,1.161,1.195,1.116,1.116,27000
2018-12-21,1.113,1.113,1.095,1.104,26100
2018-12-24,1.122,1.122,1.122,1.122,100
2018-12-25,1.127,1.179,1.096,1.096,37000
2018-12-26,1.097,1.102,1.097,1.1,27902
2018-12-28,1.136,1.136,1.097,1.099,700
2019-01-02,1.134,1.134,1.134,1.134,27000
2019-01-03,1.088,1.088,1.088,1.088,27000
2019-01-04,1.096,1.096,1.08,1.084,50000
2019-01-07,1.134,1.134,1.092,1.092,37000
2019-01-08,1.098,1.107,1.098,1.107,47400
2019-01-09,1.114,1.114,1.114,1.114,26200
2019-01-10,1.124,1.124,1.109,1.109,39300
2019-01-11,1.082,1.082,1.082,1.082,30200
2019-01-14,1.115,1.129,1.115,1.124,41000
2019-01-15,1.124,1.157,1.057,1.103,93882
2019-01-16,1.109,1.141,1.1,1.141,26800
2019-01-18,1.104,1.104,1.104,1.104,22300
2019-01-21,1.108,1.135,1.107,1.133,161100
2019-01-22,1.109,1.109,1.109,1.109,37100
2019-01-23,1.128,1.128,1.107,1.107,42754
2019-01-24,1.094,1.113,1.094,1.113,62654
2019-01-25,1.124,1.132,1.124,1.132,33000
2019-01-28,1.13,1.13,1.116,1.116,34100
2019-01-29,1.128,1.128,1.128,1.128,33000
2019-01-30,1.123,1.123,1.123,1.123,1100
2019-01-31,1.087,1.123,1.087,1.113,41400
2019-02-01,1.127,1.132,1.127,1.132,33800
2019-02-11,1.132,1.132,1.132,1.132,10300
2019-02-12,1.146,1.146,1.127,1.128,34300
2019-02-13,1.139,1.189,1.139,1.182,36600
2019-02-14,1.146,1.146,1.146,1.146,28900
2019-02-15,1.13,1.16,1.13,1.16,29700
2019-02-18,1.146,1.164,1.146,1.164,23400
2019-02-19,1.188,1.188,1.147,1.154,30000
2019-02-20,1.148,1.16,1.121,1.16,19400
2019-02-21,1.142,1.158,1.142,1.158,1600
2019-02-22,1.185,1.185,1.185,1.185,18200
2019-02-25,1.12,1.184,1.12,1.183,56601
2019-02-26,1.161,1.197,1.161,1.197,49573
2019-02-27,1.124,1.194,1.124,1.154,34900
2019-02-28,1.166,1.197,1.166,1.197,23500
2019-03-01,1.14,1.179,1.14,1.17,39237
2019-03-04,1.191,1.235,1.191,1.192,26137
2019-03-05,1.172,1.215,1.169,1.182,26600
2019-03-06,1.21,1.21,1.21,1.21,20500
2019-03-07,1.163,1.188,1.163,1.177,71159
2019-03-08,1.17,1.17,1.17,1.17,2000
2019-03-11,1.185,1.199,1.185,1.199,24800
2019-03-12,1.209,1.209,1.17,1.17,36600
2019-03-13,1.156,1.204,1.156,1.2,52554
2019-03-14,1.178,1.207,1.177,1.207,1100
2019-03-15,1.163,1.2,1.163,1.2,26300
2019-03-18,1.235,1.235,1.191,1.191,24800
2019-03-19,1.15,1.298,1.15,1.211,78654
2019-03-20,1.251,1.251,1.224,1.224,118459
2019-03-21,1.194,1.235,1.189,1.23,23400
2019-03-22,1.23,1.232,1.23,1.232,22900
2019-03-25,1.268,1.268,1.224,1.24,36800
2019-03-26,1.259,1.259,1.213,1.213,2300
2019-03-27,1.213,1.25,1.19,1.194,124100
2019-03-28,1.195,1.195,1.194,1.194,2164
2019-03-29,1.184,1.228,1.184,1.223,53059
2019-04-01,1.211,1.242,1.211,1.242,10900
2019-04-02,1.27,1.27,1.208,1.265,97360
2019-04-03,1.261,1.267,1.25,1.25,64200
2019-04-04,1.24,1.277,1.24,1.268,14260
2019-04-08,1.29,1.29,1.259,1.281,44908
2019-04-09,1.263,1.279,1.262,1.279,23807
2019-04-10,1.272,1.272,1.223,1.271,17191
2019-04-11,1.21,1.282,1.21,1.276,23991
2019-04-12,1.197,1.276,1.197,1.273,116071
2019-04-15,1.234,1.255,1.234,1.24,20600
2019-04-16,1.232,1.232,1.232,1.232,1100
2019-04-18,1.242,1.268,1.242,1.258,13400
2019-04-19,1.237,1.243,1.237,1.243,11700
2019-04-22,1.26,1.273,1.233,1.233,37700
2019-04-23,1.255,1.273,1.252,1.26,67099
2019-04-24,1.262,1.268,1.257,1.266,15900
2019-04-25,1.266,1.269,1.223,1.268,72563
2019-04-26,1.222,1.266,1.221,1.234,36800
2019-04-29,1.317,1.317,1.217,1.268,4700
2019-04-30,1.196,1.26,1.196,1.259,14900
2019-05-06,1.178,1.253,1.154,1.196,76291
2019-05-07,1.172,1.188,1.172,1.183,26300
2019-05-08,1.29,1.29,1.186,1.186,14700
2019-05-09,1.16,1.182,1.131,1.169,24300
2019-05-10,1.181,1.181,1.158,1.179,21400
2019-05-13,1.238,1.238,1.144,1.212,31800
2019-05-14,1.19,1.19,1.149,1.178,33000
2019-05-15,1.178,1.229,1.12,1.224,21100
2019-05-16,1.156,1.224,1.15,1.215,30800
2019-05-17,1.136,1.203,1.136,1.197,69826
2019-05-20,1.154,1.176,1.127,1.144,26200
2019-05-21,1.156,1.194,1.156,1.162,6700
2019-05-22,1.141,1.2,1.115,1.163,18600
2019-05-23,1.142,1.16,1.137,1.16,10900
2019-05-24,1.15,1.178,1.132,1.178,19500
2019-05-27,1.161,1.19,1.158,1.186,38701
2019-05-28,1.181,1.184,1.155,1.18,15200
2019-05-29,1.161,1.188,1.157,1.172,5200
2019-05-30,1.189,1.189,1.152,1.176,43900
2019-05-31,1.16,1.192,1.16,1.164,20700
2019-06-03,1.198,1.198,1.162,1.178,35400
2019-06-04,1.148,1.148,1.148,1.148,2000
2019-06-05,1.161,1.168,1.161,1.168,4600
2019-06-06,1.155,1.155,1.134,1.136,9600
2019-06-10,1.14,1.14,1.135,1.135,4580
2019-06-11,1.167,1.177,1.167,1.177,1800
2019-06-12,1.17,1.17,1.17,1.17,6100
2019-06-13,1.138,1.211,1.138,1.211,22970
2019-06-14,1.211,1.211,1.15,1.151,17719
2019-06-17,1.171,1.171,1.171,1.171,9000
2019-06-18,1.14,1.169,1.14,1.169,3810
2019-06-19,1.168,1.184,1.168,1.184,10700
2019-06-20,1.098,1.182,1.098,1.163,17680
2019-06-21,1.151,1.175,1.151,1.175,10500
2019-06-24,1.191,1.191,1.191,1.191,13400
2019-06-25,1.152,1.191,1.152,1.159,24800
2019-06-26,1.21,1.21,1.16,1.16,23600
2019-06-27,1.18,1.18,1.18,1.18,6500
2019-07-01,1.205,1.205,1.205,1.205,200
2019-07-02,1.203,1.217,1.203,1.217,25200
2019-07-03,1.198,1.2,1.198,1.2,300
2019-07-04,1.195,1.201,1.195,1.201,9700
2019-07-05,1.227,1.227,1.199,1.2,8200
2019-07-08,1.182,1.182,1.17,1.18,9980
2019-07-09,1.188,1.193,1.188,1.193,900
2019-07-12,1.197,1.2,1.197,1.2,39200
2019-07-15,1.2,1.208,1.2,1.205,65300
2019-07-16,1.193,1.197,1.193,1.197,300
2019-07-17,1.205,1.21,1.196,1.196,55207
2019-07-18,1.191,1.21,1.191,1.21,18391
2019-07-19,1.209,1.209,1.195,1.203,123380
2019-07-22,1.205,1.222,1.204,1.207,14300
2019-07-23,1.224,1.227,1.21,1.22,109042
2019-07-24,1.233,1.243,1.224,1.231,140521
2019-07-25,1.22,1.242,1.22,1.242,16700
2019-07-26,1.249,1.255,1.245,1.255,83100
2019-07-29,1.236,1.263,1.236,1.263,82700
2019-07-30,1.269,1.269,1.258,1.259,16697
2019-07-31,1.259,1.259,1.255,1.255,31600
2019-08-01,1.255,1.255,1.255,1.255,300
2019-08-05,1.22,1.246,1.22,1.242,23689
2019-08-06,1.229,1.229,1.229,1.229,2100
2019-08-07,1.344,1.344,1.237,1.252,1108
2019-08-08,1.25,1.252,1.25,1.252,20789
2019-08-09,1.256,1.271,1.256,1.262,36162
2019-08-12,1.255,1.28,1.255,1.28,27092
2019-08-13,1.282,1.282,1.282,1.282,2900
2019-08-14,1.298,1.353,1.293,1.294,31700
2019-08-15,1.28,1.292,1.28,1.292,7900
2019-08-16,1.292,1.292,1.231,1.232,500
2019-08-19,1.292,1.297,1.292,1.294,3202
2019-08-20,1.294,1.314,1.292,1.297,29604
2019-08-21,1.3,1.3,1.3,1.3,37300
2019-08-22,1.351,1.351,1.344,1.344,14000
2019-08-23,1.283,1.283,1.283,1.283,13000
2019-08-26,1.3,1.3,1.3,1.3,23400
2019-08-27,1.342,1.342,1.307,1.338,13900
2019-08-28,1.303,1.307,1.303,1.307,13600
2019-08-29,1.338,1.338,1.308,1.309,20700
2019-08-30,1.31,1.31,1.309,1.309,10600
2019-09-02,1.309,1.346,1.252,1.308,18600
2019-09-03,1.388,1.388,1.311,1.344,26300
2019-09-04,1.309,1.309,1.309,1.309,700
2019-09-05,1.311,1.316,1.311,1.316,1823
2019-09-06,1.292,1.309,1.292,1.309,12723
2019-09-09,1.325,1.325,1.31,1.32,61000
2019-09-11,1.31,1.31,1.31,1.31,2000
2019-09-12,1.308,1.308,1.308,1.308,200
2019-09-16,1.31,1.311,1.31,1.311,1000
2019-09-17,1.398,1.398,1.283,1.327,13500
2019-09-18,1.321,1.321,1.314,1.317,6000
2019-09-19,1.32,1.34,1.32,1.332,37311
2019-09-20,1.338,1.338,1.338,1.338,5000
2019-09-23,1.335,1.348,1.335,1.348,14500
2019-09-24,1.322,1.322,1.322,1.322,1000
2019-09-25,1.328,1.328,1.328,1.328,27000
2019-10-08,1.387,1.387,1.318,1.318,11300
2019-10-09,1.352,1.352,1.326,1.326,6200
2019-10-10,1.319,1.319,1.319,1.319,1000
2019-10-11,1.249,1.351,1.249,1.336,21700
2019-10-14,1.336,1.396,1.336,1.377,4833
2019-10-16,1.333,1.355,1.333,1.351,18800
2019-10-17,1.336,1.355,1.336,1.355,15000
2019-10-18,1.379,1.38,1.379,1.38,5000
2019-10-23,1.344,1.356,1.344,1.356,26500
2019-10-25,1.341,1.365,1.341,1.354,24300
2019-10-28,1.357,1.36,1.353,1.36,29500
2019-10-29,1.362,1.362,1.362,1.362,700
2019-10-30,1.36,1.366,1.36,1.366,23915
2019-10-31,1.367,1.368,1.367,1.368,15700
2019-11-01,1.351,1.351,1.35,1.35,20001
2019-11-04,1.369,1.375,1.356,1.371,109800
2019-11-05,1.369,1.369,1.36,1.369,109400
2019-11-07,1.36,1.375,1.36,1.365,82000
2019-11-08,1.361,1.374,1.361,1.374,12100
2019-11-11,1.35,1.35,1.35,1.35,100
2019-11-12,1.351,1.351,1.35,1.35,28419
2019-11-15,1.356,1.356,1.356,1.356,700
2019-11-18,1.36,1.36,1.36,1.36,1
2019-11-19,1.374,1.375,1.374,1.375,50000
2019-11-20,1.385,1.385,1.385,1.385,1000
2019-11-21,1.372,1.372,1.359,1.372,8485
2019-11-22,1.38,1.38,1.38,1.38,1000
2019-11-25,1.355,1.38,1.355,1.38,2000
2019-11-26,1.351,1.368,1.35,1.368,8900
2019-11-29,1.351,1.351,1.35,1.35,4700
2019-12-02,1.35,1.365,1.35,1.365,1100
2019-12-03,1.362,1.362,1.344,1.357,29356
2019-12-04,1.356,1.356,1.356,1.356,700
2019-12-06,1.364,1.364,1.364,1.364,800
2019-12-09,1.366,1.379,1.352,1.378,24000
2019-12-11,1.378,1.38,1.378,1.38,121000
2019-12-12,1.38,1.38,1.379,1.379,89800
2019-12-16,1.38,1.388,1.372,1.381,18100
2019-12-17,1.38,1.386,1.38,1.386,13500
2019-12-18,1.386,1.388,1.342,1.376,62900
2019-12-19,1.386,1.386,1.386,1.386,39600
2019-12-24,1.37,1.37,1.37,1.37,1000
2019-12-25,1.384,1.384,1.384,1.384,2900
2019-12-26,1.384,1.392,1.384,1.39,123500
2019-12-27,1.39,1.395,1.39,1.395,115731
2019-12-30,1.395,1.395,1.374,1.376,1700
2020-01-02,1.392,1.399,1.392,1.399,115600
2020-01-03,1.391,1.4,1.391,1.4,5200
2020-01-06,1.406,1.408,1.406,1.407,40000
2020-01-07,1.39,1.412,1.384,1.4,307885
2020-01-08,1.404,1.404,1.386,1.386,12300
2020-01-09,1.401,1.402,1.4,1.402,40100
2020-01-10,1.407,1.407,1.407,1.407,63900
2020-01-13,1.4,1.414,1.4,1.414,39900
2020-01-14,1.414,1.414,1.414,1.414,80000
2020-01-15,1.414,1.414,1.414,1.414,16800
2020-01-16,1.413,1.413,1.413,1.413,2800
2020-01-21,1.418,1.418,1.417,1.417,50000
2020-01-22,1.411,1.411,1.411,1.411,600
2020-01-23,1.39,1.39,1.39,1.39,4100
2020-02-03,1.302,1.345,1.301,1.345,19200
2020-02-05,1.399,1.399,1.389,1.389,2100
2020-02-06,1.41,1.41,1.41,1.41,10000
2020-02-07,1.4,1.411,1.4,1.401,578400
2020-02-10,1.419,1.426,1.404,1.404,40001
2020-02-11,1.422,1.428,1.385,1.427,86085
2020-02-12,1.425,1.435,1.425,1.433,22185
2020-02-14,1.438,1.438,1.438,1.438,7000
2020-02-17,1.442,1.45,1.442,1.45,39300
2020-02-18,1.452,1.456,1.428,1.456,215076
2020-02-19,1.45,1.456,1.448,1.456,77776
2020-02-20,1.457,1.462,1.457,1.462,114600
2020-02-21,1.46,1.469,1.46,1.469,205400
2020-02-24,1.488,1.488,1.47,1.47,123900
2020-02-25,1.382,1.477,1.382,1.477,95000
2020-02-26,1.478,1.479,1.478,1.479,407000
2020-02-27,1.48,1.48,1.48,1.48,2400
2020-03-03,1.5,1.5,1.5,1.5,100
2020-03-04,1.48,1.48,1.48,1.48,8000
2020-03-05,1.45,1.482,1.45,1.479,11000
2020-03-06,1.466,1.478,1.466,1.478,10900
2020-03-12,1.44,1.478,1.419,1.469,9376
2020-03-13,1.567,1.567,1.392,1.445,7000
2020-03-16,1.368,1.446,1.368,1.444,23946
2020-03-17,1.399,1.418,1.344,1.418,14346
2020-03-18,1.388,1.431,1.388,1.391,9400
2020-03-19,1.407,1.407,1.306,1.406,18001
2020-03-23,1.38,1.38,1.38,1.38,300
2020-03-24,1.366,1.402,1.366,1.402,1110
2020-03-26,1.411,1.411,1.411,1.411,1000
2020-03-27,1.411,1.411,1.411,1.411,13000
2020-03-30,1.406,1.406,1.406,1.406,100
2020-04-01,1.396,1.421,1.361,1.364,10312
2020-04-02,1.413,1.428,1.366,1.425,193521
2020-04-07,1.405,1.421,1.405,1.421,1100
2020-04-08,1.42,1.42,1.42,1.42,1000
2020-04-10,1.397,1.425,1.397,1.425,5005
2020-04-13,1.337,1.441,1.337,1.339,6800
2020-04-14,1.354,1.439,1.354,1.418,27600
2020-04-15,1.509,1.509,1.396,1.45,21100
2020-04-16,1.508,1.508,1.4,1.403,23800
2020-04-17,1.408,1.425,1.398,1.399,12271
2020-04-20,1.458,1.458,1.403,1.427,6646
2020-04-21,1.414,1.427,1.414,1.426,10100
2020-04-22,1.411,1.43,1.411,1.429,42600
2020-04-24,1.4,1.507,1.4,1.435,49300
2020-04-27,1.429,1.429,1.412,1.414,1200
2020-04-28,1.41,1.418,1.41,1.418,6000
2020-04-29,1.418,1.43,1.418,1.43,39494
2020-04-30,1.43,1.43,1.43,1.43,684
2020-05-06,1.43,1.459,1.43,1.459,1500
2020-05-07,1.439,1.439,1.439,1.439,500
2020-05-08,1.458,1.458,1.458,1.458,100
2020-05-11,1.449,1.458,1.449,1.458,793
2020-05-12,1.458,1.458,1.458,1.458,38300
2020-05-13,1.431,1.431,1.431,1.431,4
2020-05-14,1.458,1.477,1.458,1.47,26442
2020-05-15,1.479,1.479,1.442,1.446,800
2020-05-18,1.444,1.485,1.444,1.45,11445
2020-05-19,1.45,1.45,1.45,1.45,35500
2020-05-21,1.45,1.45,1.448,1.448,22500
2020-06-01,1.438,1.45,1.438,1.45,50300
2020-06-03,1.506,1.506,1.506,1.506,100
2020-06-04,1.445,1.459,1.445,1.458,3569
2020-06-05,1.458,1.458,1.458,1.458,20000
2020-06-08,1.463,1.468,1.463,1.468,17101
2020-06-09,1.456,1.456,1.434,1.434,107389
2020-06-11,1.471,1.471,1.465,1.465,19998
2020-06-15,1.48,1.48,1.478,1.479,100300
2020-06-16,1.468,1.468,1.468,1.468,5
2020-06-17,1.468,1.468,1.468,1.468,0
2020-06-22,1.472,1.479,1.472,1.479,50102
2020-06-23,1.446,1.446,1.446,1.446,100
2020-06-24,1.493,1.493,1.489,1.491,30100
2020-06-29,1.488,1.491,1.488,1.49,16000
2020-06-30,1.488,1.508,1.488,1.49,11800
2020-07-01,1.536,1.536,1.479,1.514,19700
2020-07-02,1.49,1.537,1.487,1.516,57700
2020-07-03,1.491,1.516,1.491,1.509,34900
2020-07-06,1.506,1.506,1.506,1.506,9
2020-07-07,1.501,1.526,1.501,1.525,61398
2020-07-08,1.527,1.538,1.527,1.538,160800
2020-07-09,1.486,1.548,1.486,1.54,34200
2020-07-10,1.54,1.54,1.54,1.54,5000
2020-07-13,1.588,1.588,1.54,1.54,65551
2020-07-14,1.538,1.539,1.538,1.539,2449
2020-07-16,1.584,1.59,1.54,1.541,200801
2020-07-17,1.516,1.517,1.514,1.517,4901
2020-07-20,1.53,1.552,1.53,1.552,32674
2020-07-21,1.58,1.58,1.563,1.569,9647
2020-07-22,1.566,1.566,1.566,1.566,45901
2020-07-23,1.563,1.598,1.563,1.598,17500
2020-07-24,1.568,1.69,1.464,1.561,112005
2020-07-27,1.569,1.569,1.548,1.548,16000
2020-07-29,1.558,1.566,1.55,1.55,44454
2020-07-30,1.556,1.556,1.556,1.556,200
2020-07-31,1.574,1.583,1.566,1.566,101500
2020-08-03,1.6,1.6,1.568,1.568,2800
2020-08-04,1.58,1.58,1.58,1.58,10700
2020-08-06,1.611,1.611,1.58,1.58,847
2020-08-07,1.583,1.583,1.58,1.58,22754
2020-08-10,1.58,1.58,1.555,1.58,159452
2020-08-11,1.585,1.585,1.585,1.585,9752
2020-08-12,1.576,1.58,1.576,1.58,22300
2020-08-13,1.582,1.585,1.58,1.581,26600
2020-08-14,1.584,1.584,1.584,1.584,10000
2020-08-17,1.595,1.595,1.595,1.595,22200
2020-08-18,1.6,1.638,1.598,1.623,23398
2020-08-19,1.61,1.61,1.602,1.602,4400
2020-08-20,1.588,1.599,1.588,1.592,778512
2020-08-21,1.619,1.619,1.591,1.591,812500
2020-08-24,1.594,1.606,1.594,1.601,353536
2020-08-25,1.608,1.609,1.607,1.608,154100
2020-08-26,1.605,1.605,1.597,1.599,430502
2020-08-27,1.601,1.603,1.601,1.603,115000
2020-08-28,1.596,1.604,1.596,1.604,171400
2020-08-31,1.605,1.612,1.605,1.605,122199
2020-09-01,1.605,1.615,1.605,1.611,264452
2020-09-02,1.611,1.611,1.611,1.611,5500
2020-09-03,1.607,1.61,1.607,1.61,82800
2020-09-04,1.591,1.596,1.591,1.596,1014
2020-09-07,1.6,1.603,1.591,1.591,143200
2020-09-08,1.599,1.599,1.596,1.597,50100
2020-09-09,1.58,1.581,1.58,1.581,101200
2020-09-10,1.608,1.608,1.608,1.608,100
2020-09-14,1.592,1.592,1.592,1.592,30000
2020-09-17,1.599,1.6,1.599,1.6,30000
2020-09-18,1.577,1.635,1.576,1.619,270500
2020-09-21,1.591,1.591,1.591,1.591,628
2020-09-22,1.587,1.587,1.587,1.587,11741
2020-09-23,1.599,1.601,1.599,1.6,191800
2020-09-25,1.585,1.585,1.585,1.585,25100
2020-09-28,1.596,1.596,1.588,1.588,12301
2020-09-29,1.588,1.597,1.588,1.597,5100
2020-10-09,1.597,1.597,1.597,1.597,5100
2020-10-12,1.605,1.605,1.605,1.605,52301
2020-10-13,1.605,1.608,1.605,1.605,52954
2020-10-14,1.606,1.614,1.606,1.614,37900
2020-10-15,1.589,1.601,1.589,1.601,4800
2020-10-23,1.6,1.605,1.6,1.605,40000
2020-10-28,1.589,1.615,1.589,1.611,132267
2020-10-29,1.581,1.608,1.581,1.608,3900
2020-11-03,1.592,1.608,1.592,1.608,33200
2020-11-04,1.599,1.609,1.597,1.609,33100
2020-11-05,1.609,1.609,1.608,1.608,12700
2020-11-06,1.613,1.613,1.602,1.608,6400
2020-11-09,1.615,1.624,1.615,1.617,12500
2020-11-10,1.606,1.608,1.606,1.608,18100
2020-11-12,1.608,1.608,1.608,1.608,300
2020-11-16,1.597,1.597,1.597,1.597,200
2020-11-17,1.618,1.618,1.618,1.618,100
2020-11-18,1.6,1.6,1.6,1.6,1000
2020-11-19,1.626,1.626,1.626,1.626,100
2020-11-20,1.609,1.609,1.609,1.609,1200
2020-11-23,1.591,1.615,1.545,1.601,40900
2020-11-24,1.581,1.618,1.581,1.618,4800
2020-11-25,1.621,1.621,1.617,1.617,8200
2020-11-27,1.6,1.601,1.6,1.601,6000
2020-11-30,1.602,1.621,1.602,1.621,3600
2020-12-03,1.658,1.658,1.595,1.621,111300
2020-12-07,1.621,1.621,1.606,1.606,12400
2020-12-08,1.62,1.62,1.62,1.62,100
2020-12-11,1.599,1.619,1.458,1.619,4100
2020-12-14,1.6,1.6,1.6,1.6,800
2020-12-15,1.637,1.637,1.637,1.637,100
2020-12-16,1.601,1.603,1.601,1.603,1930
2020-12-18,1.604,1.605,1.604,1.604,35000
2020-12-21,1.605,1.605,1.605,1.605,20000
2020-12-23,1.625,1.625,1.615,1.615,23100
2020-12-24,1.628,1.628,1.628,1.628,2100
2020-12-25,1.659,1.659,1.629,1.629,2100
2020-12-31,1.612,1.638,1.612,1.638,200
2021-01-04,1.625,1.63,1.625,1.63,268
2021-01-05,1.637,1.637,1.63,1.634,26700
2021-01-06,1.635,1.639,1.635,1.639,40200
2021-01-07,1.643,1.648,1.643,1.648,51200
2021-01-08,1.65,1.655,1.65,1.655,37006
2021-01-11,1.652,1.652,1.652,1.652,5700
2021-01-12,1.662,1.662,1.662,1.662,20000
2021-01-13,1.656,1.656,1.656,1.656,25000
2021-01-15,1.641,1.641,1.641,1.641,10
2021-01-18,1.653,1.653,1.653,1.653,1000
2021-01-20,1.753,1.753,1.721,1.721,22600
2021-01-21,1.709,1.709,1.705,1.705,6900
2021-01-22,1.66,1.66,1.66,1.66,587
2021-01-25,1.659,1.661,1.659,1.661,500
2021-01-26,1.689,1.689,1.685,1.685,300
2021-01-28,1.683,1.684,1.655,1.655,113347
2021-01-29,1.658,1.658,1.658,1.658,1000
2021-02-01,1.644,1.651,1.644,1.651,212
2021-02-02,1.669,1.669,1.669,1.669,900
2021-02-03,1.669,1.669,1.66,1.665,1000
2021-02-04,1.66,1.66,1.66,1.66,700
2021-02-05,1.66,1.672,1.66,1.672,1800
2021-02-08,1.666,1.666,1.666,1.666,43300
2021-02-10,1.677,1.677,1.677,1.677,4500
2021-02-18,1.677,1.677,1.677,1.677,16228
2021-02-19,1.677,1.681,1.677,1.681,19900
2021-02-22,1.665,1.665,1.665,1.665,100
2021-02-24,1.67,1.67,1.66,1.66,25596
2021-03-01,1.637,1.637,1.637,1.637,1200
2021-03-09,1.66,1.66,1.66,1.66,6000
2021-03-15,1.64,1.64,1.64,1.64,2664
2021-03-16,1.607,1.639,1.607,1.639,796
2021-03-17,1.659,1.697,1.643,1.695,2359
2021-03-18,1.65,1.699,1.641,1.653,3359
2021-03-22,1.629,1.689,1.629,1.689,259
2021-03-24,1.634,1.684,1.634,1.684,7100
2021-03-25,1.674,1.674,1.637,1.652,1430
2021-03-26,1.648,1.648,1.648,1.648,59
2021-03-29,1.646,1.646,1.646,1.646,59
2021-04-06,1.647,1.647,1.647,1.647,9
2021-04-07,1.65,1.65,1.65,1.65,59
2021-04-09,1.651,1.651,1.651,1.651,2457
2021-04-16,1.651,1.652,1.651,1.652,6772
2021-04-20,1.652,1.652,1.652,1.652,700
2021-04-23,1.654,1.654,1.654,1.654,1000
2021-04-28,1.67,1.67,1.67,1.67,35000
2021-04-30,1.67,1.67,1.67,1.67,1700
2021-05-06,1.67,1.67,1.67,1.67,2579
2021-05-07,1.664,1.664,1.664,1.664,100
2021-05-12,1.664,1.664,1.664,1.664,2100
2021-05-14,1.702,1.763,1.646,1.646,7457
2021-05-17,1.677,1.677,1.677,1.677,2902
2021-05-20,1.767,1.767,1.766,1.766,4834
2021-05-21,1.759,1.759,1.688,1.688,859
2021-05-24,1.659,1.698,1.659,1.698,4625
2021-05-25,1.655,1.716,1.655,1.698,13460
2021-05-26,1.684,1.684,1.673,1.679,9175
2021-05-27,1.679,1.698,1.679,1.683,3827
2021-06-01,1.677,1.683,1.677,1.683,7008
2021-06-02,1.685,1.685,1.683,1.683,692
2021-06-04,1.678,1.755,1.678,1.731,15800
2021-06-07,1.683,1.723,1.683,1.72,5938
2021-06-08,1.685,1.712,1.685,1.712,18377
2021-06-09,1.686,1.709,1.686,1.709,4057
2021-06-10,1.698,1.698,1.698,1.698,200
2021-06-11,1.698,1.698,1.698,1.698,1000
2021-06-15,1.698,1.698,1.685,1.685,1500
2021-06-16,1.685,1.685,1.685,1.685,2752
2021-06-17,1.666,1.678,1.666,1.678,3479
2021-06-18,1.699,1.699,1.699,1.699,8300
2021-06-21,1.698,1.698,1.698,1.698,300
2021-06-22,1.697,1.697,1.697,1.697,1166
2021-06-23,1.686,1.698,1.686,1.698,1866
2021-06-24,1.688,1.69,1.688,1.69,1000
2021-06-25,1.7,1.7,1.7,1.7,51000
2021-06-28,1.7,1.704,1.7,1.7,3159
2021-06-29,1.704,1.704,1.704,1.704,1467
2021-06-30,1.704,1.704,1.704,1.704,1000
2021-07-01,1.708,1.708,1.708,1.708,1000
2021-07-02,1.712,1.712,1.712,1.712,600
2021-07-05,1.712,1.712,1.712,1.712,1000
2021-07-06,1.716,1.718,1.716,1.718,13700
2021-07-07,1.715,1.721,1.715,1.721,26782
2021-07-12,1.731,1.731,1.731,1.731,2000
2021-07-13,1.74,1.74,1.74,1.74,10000
2021-07-14,1.741,1.787,1.741,1.759,2200
2021-07-15,1.741,1.742,1.741,1.742,10001
2021-07-16,1.747,1.747,1.747,1.747,8000
2021-07-19,1.749,1.789,1.749,1.75,7147
2021-07-20,1.753,1.755,1.748,1.755,16168
2021-07-21,1.765,1.765,1.765,1.765,1000
2021-07-22,1.798,1.798,1.798,1.798,1000
2021-07-26,1.761,1.761,1.761,1.761,100
2021-07-27,1.765,1.765,1.765,1.765,2153
2021-08-02,1.745,1.754,1.745,1.754,2200
2021-08-03,1.765,1.765,1.765,1.765,4600
2021-08-05,1.79,1.791,1.786,1.786,170259
2021-08-06,1.782,1.783,1.782,1.783,149200
2021-08-09,1.78,1.78,1.78,1.78,38224
2021-08-10,1.783,1.783,1.783,1.783,1100
2021-08-12,1.788,1.788,1.788,1.788,800
2021-08-13,1.791,1.791,1.791,1.791,3000
2021-08-16,1.794,1.794,1.794,1.794,3800
2021-08-17,1.795,1.795,1.79,1.79,4800
2021-08-18,1.79,1.79,1.79,1.79,1400
2021-08-19,1.779,1.779,1.777,1.777,2302
2021-08-20,1.777,1.777,1.777,1.777,15177
2021-08-23,1.795,1.795,1.793,1.793,11200
2021-08-24,1.788,1.799,1.788,1.799,16677
2021-08-25,1.88,1.886,1.784,1.879,1681
2021-08-26,1.879,1.879,1.825,1.849,7300
2021-08-27,1.802,1.839,1.802,1.839,4748
2021-08-30,1.808,1.809,1.808,1.809,927
2021-08-31,1.81,1.81,1.81,1.81,800
2021-09-01,1.81,1.812,1.808,1.81,34700
2021-09-02,1.806,1.829,1.806,1.829,5600
2021-09-03,1.814,1.814,1.814,1.814,46763
2021-09-07,1.815,1.825,1.815,1.825,36600
2021-09-10,1.826,1.826,1.825,1.825,30300
2021-09-13,1.849,1.849,1.845,1.845,35300
2021-09-14,1.829,1.838,1.829,1.832,10701
2021-09-15,1.828,1.828,1.828,1.828,1600
2021-09-16,1.822,1.822,1.821,1.821,48000
2021-09-17,1.821,1.821,1.816,1.82,167905
2021-09-22,1.823,1.823,1.82,1.823,21800
2021-09-23,1.82,1.827,1.82,1.827,33200
2021-09-24,1.827,1.827,1.818,1.818,20700
2021-09-27,1.816,1.816,1.816,1.816,400
2021-09-28,1.789,1.815,1.789,1.798,1500
2021-09-30,1.789,1.806,1.789,1.799,27546
2021-10-08,1.8,1.81,1.792,1.799,32746
2021-10-11,1.799,1.804,1.799,1.804,28200
2021-10-12,1.799,1.8,1.799,1.8,120962
2021-10-14,1.944,1.944,1.791,1.796,10802
2021-10-15,1.792,1.798,1.792,1.798,800
2021-10-20,1.806,1.806,1.806,1.806,4248
2021-10-21,1.806,1.887,1.806,1.887,50100
2021-10-22,1.79,1.848,1.79,1.831,10922
2021-10-25,1.839,1.95,1.8,1.81,22573
2021-10-26,1.803,1.818,1.803,1.818,2000
2021-10-27,1.817,1.817,1.817,1.817,1200
2021-10-28,1.802,1.807,1.788,1.807,326434
2021-10-29,1.806,1.806,1.801,1.801,60800
2021-11-01,1.81,1.823,1.806,1.818,159634
2021-11-02,1.81,1.81,1.806,1.809,67500
2021-11-03,1.809,1.814,1.809,1.81,22200
2021-11-04,1.804,1.804,1.804,1.804,1400
2021-11-05,1.809,1.809,1.804,1.804,22831
2021-11-08,1.81,1.81,1.81,1.81,11473
2021-11-09,1.814,1.95,1.803,1.805,12342
2021-11-10,1.806,1.818,1.806,1.806,10800
2021-11-11,1.806,1.806,1.806,1.806,142
2021-11-12,1.809,1.818,1.809,1.818,144
2021-11-15,1.814,1.814,1.814,1.814,1100
2021-11-17,1.807,1.814,1.807,1.814,11902
2021-11-18,1.794,1.827,1.794,1.827,20500
2021-11-19,1.82,1.828,1.82,1.827,48429
2021-11-22,1.831,1.833,1.831,1.833,21600
2021-11-23,1.838,1.838,1.838,1.838,8362
2021-11-24,1.833,1.833,1.833,1.833,300
2021-11-25,1.833,1.839,1.833,1.839,68300
2021-11-26,1.83,1.83,1.83,1.83,5500
2021-11-29,1.83,1.864,1.83,1.864,5500
2021-11-30,1.828,1.84,1.828,1.832,8800
2021-12-01,1.829,1.829,1.829,1.829,1200
2021-12-02,1.847,1.847,1.847,1.847,500
2021-12-03,1.847,1.847,1.847,1.847,300
2021-12-06,1.95,1.95,1.809,1.841,82348
2021-12-07,1.845,1.845,1.845,1.845,10000
2021-12-08,1.853,1.853,1.839,1.839,12800
2021-12-09,1.84,1.844,1.84,1.844,10300
2021-12-10,1.84,1.849,1.84,1.841,68490
2021-12-13,1.843,1.843,1.843,1.843,2700
2021-12-14,1.844,1.844,1.844,1.844,2000
2021-12-15,1.842,1.842,1.842,1.842,500
2021-12-16,1.84,1.86,1.84,1.845,15500
2021-12-17,1.85,1.85,1.846,1.846,72000
2021-12-20,1.832,1.854,1.832,1.854,6100
2021-12-21,1.852,1.852,1.852,1.852,900
2021-12-22,1.852,1.852,1.852,1.852,100
2021-12-23,1.831,1.851,1.831,1.85,2400
2021-12-24,1.835,1.85,1.835,1.85,11100
2021-12-27,1.83,1.852,1.83,1.852,1500
2021-12-29,1.836,1.851,1.833,1.851,2032
2021-12-30,1.949,1.949,1.842,1.847,13600
2021-12-31,1.847,1.946,1.84,1.851,62464
2022-01-04,1.899,1.899,1.825,1.849,55689
2022-01-05,1.842,1.865,1.841,1.864,18500
2022-01-06,1.833,1.856,1.832,1.832,32089
2022-01-07,1.833,1.848,1.833,1.836,2104
2022-01-10,1.849,1.849,1.828,1.828,800
2022-01-11,1.846,1.846,1.837,1.837,34500
2022-01-12,1.864,1.864,1.843,1.848,9800
2022-01-13,1.843,1.845,1.843,1.845,9400
2022-01-14,1.832,1.851,1.832,1.851,20400
2022-01-17,1.844,1.844,1.844,1.844,900
2022-01-18,1.848,1.848,1.848,1.848,1100
2022-01-19,1.847,1.847,1.846,1.846,32500
2022-01-20,1.849,1.85,1.849,1.85,14000
2022-01-24,1.831,1.831,1.83,1.831,31401
2022-01-25,1.838,1.839,1.838,1.838,34000
2022-01-26,1.838,1.838,1.838,1.838,29300
2022-01-27,1.84,1.84,1.816,1.816,1300
2022-01-28,1.869,1.869,1.82,1.82,4300
2022-02-07,1.838,1.838,1.838,1.838,24521
2022-02-08,1.81,1.813,1.81,1.811,1164
2022-02-09,1.813,1.826,1.813,1.826,22664
2022-02-10,1.821,1.821,1.821,1.821,1000
2022-02-11,1.822,1.824,1.822,1.824,13700
2022-02-14,1.828,1.828,1.828,1.828,9000
2022-02-15,1.827,1.827,1.814,1.826,11300
2022-02-16,1.82,1.82,1.82,1.82,17300
2022-02-18,1.833,1.833,1.833,1.833,3600
2022-02-21,1.814,1.833,1.814,1.833,4400
2022-02-22,1.825,1.828,1.824,1.828,34500
2022-02-23,1.838,1.838,1.838,1.838,20000
2022-02-24,1.829,1.837,1.829,1.837,73000
2022-02-25,1.838,1.838,1.838,1.838,900
2022-03-01,1.803,1.828,1.802,1.828,63300
2022-03-02,1.829,1.829,1.829,1.829,54000
2022-03-03,1.831,1.831,1.83,1.831,33472
2022-03-04,1.832,1.832,1.832,1.832,48600
2022-03-07,1.822,1.822,1.819,1.822,27000
2022-03-08,1.806,1.806,1.806,1.806,2800
2022-03-09,1.806,1.806,1.806,1.806,1000
2022-03-10,1.805,1.815,1.805,1.815,19602
2022-03-11,1.783,1.783,1.781,1.781,10000
2022-03-14,1.814,1.814,1.814,1.814,4900
2022-03-15,1.813,1.813,1.813,1.813,11000
2022-03-16,1.8,1.802,1.8,1.802,55400
2022-03-17,1.79,1.79,1.79,1.79,1500
2022-03-18,1.792,1.792,1.792,1.792,2700
2022-03-21,1.816,1.816,1.816,1.816,11534
2022-03-22,1.815,1.817,1.805,1.817,13800
2022-03-25,1.795,1.795,1.795,1.795,579
2022-03-29,1.813,1.813,1.813,1.813,200
2022-03-31,1.79,1.824,1.788,1.824,6300
2022-04-06,1.795,1.795,1.795,1.795,100
2022-04-08,1.819,1.819,1.812,1.812,20100
2022-04-11,1.77,1.797,1.77,1.792,5100
2022-04-12,1.808,1.808,1.808,1.808,30000
2022-04-13,1.79,1.794,1.79,1.794,5700
2022-04-14,1.797,1.805,1.797,1.805,26767
2022-04-22,1.805,1.805,1.805,1.805,4500
2022-04-25,1.783,1.783,1.78,1.78,4200
2022-04-27,1.734,1.777,1.734,1.77,26200
2022-05-06,1.77,1.77,1.77,1.77,6300
2022-05-09,1.744,1.762,1.744,1.762,1204
2022-05-10,1.787,1.787,1.787,1.787,200
2022-05-11,1.792,1.792,1.784,1.792,8831
2022-05-13,1.78,1.795,1.78,1.795,5800
2022-05-16,1.795,1.796,1.791,1.796,4400
2022-05-17,1.799,1.799,1.799,1.799,400
2022-05-18,1.8,1.8,1.8,1.8,1300
2022-05-19,1.795,1.795,1.794,1.795,700
2022-05-20,1.8,1.8,1.8,1.8,6700
2022-05-27,1.789,1.789,1.789,1.789,200
2022-05-31,1.808,1.808,1.808,1.808,200
2022-06-10,1.83,1.83,1.83,1.83,1100
2022-06-14,1.811,1.811,1.811,1.811,100
2022-06-15,1.813,1.877,1.813,1.877,9500
2022-06-16,1.821,1.857,1.821,1.857,600
2022-06-21,1.809,1.821,1.809,1.821,1600
2022-06-22,1.801,1.801,1.801,1.801,100
2022-06-24,1.818,1.818,1.818,1.818,1000
2022-06-27,1.842,1.842,1.839,1.841,56700
2022-06-30,1.845,1.845,1.845,1.845,1000
2022-07-04,1.797,1.855,1.797,1.855,200
2022-07-08,1.809,1.809,1.809,1.809,100
2022-07-11,1.856,1.856,1.817,1.825,13300
2022-07-14,1.837,1.837,1.837,1.837,1300
2022-07-15,1.837,1.837,1.837,1.837,1000
2022-07-20,1.811,1.84,1.811,1.84,50100
2022-07-21,1.841,1.841,1.84,1.84,10500
2022-07-27,1.839,1.84,1.839,1.84,19200
2022-07-28,1.812,1.812,1.812,1.812,100
2022-08-02,1.816,1.816,1.815,1.815,600
2022-08-04,1.919,1.919,1.828,1.828,21600
2022-08-10,1.841,1.842,1.841,1.842,3000
2022-08-11,1.858,1.858,1.858,1.858,1000
2022-08-16,1.866,1.868,1.866,1.868,3000
2022-08-17,2.055,2.055,1.85,1.853,41700
2022-08-18,1.853,1.855,1.853,1.855,71400
2022-08-22,1.855,1.855,1.855,1.855,200
2022-08-23,1.886,1.886,1.886,1.886,200
2022-08-24,1.85,1.85,1.85,1.85,635
2022-08-25,1.845,1.845,1.845,1.845,2200
2022-08-26,1.85,1.85,1.85,1.85,1000
2022-08-31,1.865,1.865,1.85,1.85,2100
2022-09-01,1.811,1.865,1.811,1.826,6100
2022-09-05,1.85,1.85,1.85,1.85,30800
2022-10-11,2.034,2.034,2.034,2.034,200
2022-10-12,1.898,1.898,1.831,1.831,6900
2022-10-13,1.775,1.82,1.775,1.82,500
2022-10-17,1.874,1.874,1.796,1.796,400
2022-10-19,1.82,1.82,1.82,1.82,2200
2022-10-20,1.788,1.788,1.788,1.788,300
2022-10-21,1.798,1.851,1.798,1.847,2600
2022-10-25,1.822,1.823,1.822,1.823,2300
2022-10-26,1.796,1.819,1.796,1.819,700
2022-10-27,1.833,1.833,1.832,1.833,300
2022-10-31,1.793,1.887,1.793,1.887,2500
2022-11-04,1.885,1.885,1.83,1.832,18337
2022-11-07,1.825,1.825,1.822,1.825,1299
2022-11-08,1.826,1.829,1.826,1.829,300
2022-11-17,1.979,1.979,1.793,1.793,5100
2022-11-24,1.967,1.967,1.802,1.802,4800
2022-11-25,1.802,1.802,1.802,1.802,1000
2022-11-29,1.891,1.891,1.813,1.845,5400
2022-11-30,1.898,1.898,1.858,1.858,5300
2022-12-01,1.855,1.855,1.672,1.848,8476
2022-12-02,1.82,1.82,1.82,1.82,900
2022-12-05,1.818,1.838,1.817,1.838,1200
2022-12-06,1.836,1.836,1.836,1.836,100
2022-12-09,1.836,1.836,1.804,1.815,6478
2022-12-12,1.845,1.845,1.845,1.845,9000
2022-12-13,1.798,1.8,1.798,1.8,11100
2022-12-14,1.794,1.794,1.794,1.794,100
2022-12-16,1.786,1.786,1.786,1.786,200
2022-12-19,1.79,1.805,1.79,1.791,3100
2022-12-20,1.778,1.778,1.778,1.778,300
2022-12-21,1.771,1.771,1.771,1.771,200
2022-12-30,1.807,1.807,1.807,1.807,100
2023-01-04,1.8,1.8,1.8,1.8,600
2023-01-06,1.797,1.797,1.797,1.797,4400
2023-01-09,1.818,1.832,1.818,1.818,9083
2023-01-13,1.834,1.834,1.833,1.833,9100
2023-01-16,1.854,1.854,1.854,1.854,100
2023-01-18,1.808,1.808,1.808,1.808,17983
2023-01-30,1.866,1.866,1.866,1.866,600
2023-02-01,1.831,1.831,1.831,1.831,1067
2023-02-03,1.849,1.849,1.847,1.847,500
2023-02-06,1.826,1.826,1.826,1.826,100
2023-02-10,1.842,1.842,1.842,1.842,2000
2023-02-15,1.835,1.835,1.835,1.835,500
2023-02-16,1.838,1.838,1.838,1.838,500
2023-02-20,1.796,1.796,1.796,1.796,200
2023-02-22,1.838,1.838,1.83,1.83,1200
2023-03-01,1.815,1.815,1.815,1.815,1000
2023-03-08,1.818,1.818,1.818,1.818,500
2023-03-10,1.795,1.795,1.795,1.795,200
2023-03-14,1.818,1.818,1.803,1.803,600
2023-03-16,1.803,1.821,1.803,1.821,1800
2023-03-22,1.825,1.825,1.825,1.825,100
2023-03-23,1.818,1.818,1.818,1.818,1000
2023-03-24,1.808,1.829,1.808,1.829,2000
2023-03-27,1.804,1.804,1.804,1.804,200
2023-03-29,1.798,1.798,1.798,1.798,200
2023-04-03,1.849,1.849,1.849,1.849,100
2023-04-07,1.85,1.85,1.85,1.85,100
2023-04-11,1.819,1.819,1.819,1.819,400
2023-04-12,1.819,1.819,1.819,1.819,400
2023-04-14,1.847,1.847,1.847,1.847,16266
2023-04-17,1.847,1.85,1.846,1.85,52104
2023-04-18,1.85,1.85,1.85,1.85,42001
2023-04-21,1.823,1.873,1.823,1.831,2069
2023-04-24,1.815,1.815,1.815,1.815,200
2023-04-25,1.816,1.816,1.816,1.816,200
2023-04-26,1.8,1.805,1.8,1.805,10500
2023-05-08,1.816,1.816,1.816,1.816,100
2023-05-09,1.816,1.816,1.816,1.816,200
2023-05-15,1.83,1.83,1.83,1.83,100
2023-05-16,1.98,1.98,1.836,1.836,400
2023-05-24,1.808,1.837,1.808,1.837,400
2023-05-25,1.805,1.805,1.805,1.805,100
2023-05-29,1.809,1.809,1.809,1.809,500
2023-05-30,1.826,1.826,1.826,1.826,4100
2023-06-01,1.847,2.008,1.846,1.846,5700
2023-06-02,1.806,1.944,1.802,1.87,12100
2023-06-05,1.815,1.864,1.815,1.864,12300
2023-06-06,1.792,1.859,1.792,1.825,6300
2023-06-07,1.804,1.868,1.804,1.809,5200
2023-06-08,1.804,1.81,1.804,1.81,300
2023-06-14,1.94,1.953,1.753,1.879,6200
2023-06-15,1.816,1.869,1.816,1.869,2700
2023-06-21,1.809,1.861,1.809,1.861,2800
2023-06-26,1.846,1.846,1.846,1.846,2600
2023-06-27,1.824,1.864,1.797,1.797,2729243
2023-06-28,1.795,1.803,1.795,1.803,3700
2023-06-30,1.831,1.836,1.831,1.836,39600
2023-07-04,1.836,1.836,1.836,1.836,100
2023-07-05,1.815,1.815,1.815,1.815,100
2023-07-07,1.832,1.832,1.832,1.832,17400
2023-07-12,1.813,1.82,1.813,1.82,209
2023-07-13,1.844,1.846,1.832,1.832,15100
2023-07-14,1.83,1.832,1.83,1.832,2000
2023-07-18,1.814,1.828,1.814,1.828,14100
2023-07-26,1.828,1.828,1.828,1.828,2000
2023-07-27,1.834,1.835,1.834,1.835,7700
2023-08-01,1.834,1.834,1.834,1.834,100
2023-08-03,1.83,1.852,1.83,1.83,21300
2023-08-04,1.807,1.854,1.807,1.81,9200
2023-08-07,1.843,1.843,1.799,1.817,5100
2023-08-08,1.797,1.843,1.797,1.843,5400
2023-08-09,1.846,1.846,1.799,1.843,4800
2023-08-10,1.786,1.838,1.786,1.838,5400
2023-08-14,1.79,1.79,1.79,1.79,2200
2023-08-15,1.841,1.841,1.841,1.841,3000
2023-08-17,1.791,1.826,1.791,1.826,5400
2023-08-18,1.836,1.836,1.795,1.797,4400
2023-08-25,1.781,1.781,1.781,1.781,800
2023-08-28,1.785,1.847,1.785,1.847,4800
2023-08-29,1.828,1.828,1.782,1.815,11000
2023-08-30,1.802,1.804,1.74,1.804,92900
2023-09-04,1.822,1.822,1.822,1.822,1400
2023-09-11,1.792,1.814,1.792,1.814,4800
2023-09-12,1.819,1.82,1.794,1.82,4900
2023-09-13,1.787,1.821,1.787,1.821,4800
2023-09-14,1.851,1.851,1.771,1.847,4600
2023-09-15,1.79,1.82,1.79,1.82,4800
2023-09-18,1.785,1.825,1.785,1.809,6000
2023-09-19,1.784,1.823,1.784,1.823,4800
2023-09-20,1.794,1.794,1.794,1.794,100
2023-09-21,1.824,1.824,1.787,1.79,4200
2023-09-25,1.784,1.817,1.784,1.8,5800
2023-09-27,1.837,1.837,1.789,1.813,2400
2023-09-28,1.82,1.82,1.789,1.805,2200
2023-10-09,1.848,1.848,1.759,1.822,4600
2023-10-10,1.759,1.835,1.759,1.832,4800
2023-10-11,1.783,1.828,1.783,1.816,4900
2023-10-12,1.784,1.827,1.784,1.827,4800
2023-10-13,1.786,1.829,1.786,1.829,4700
2023-10-16,1.774,1.774,1.774,1.774,500
2023-10-18,1.777,1.783,1.773,1.783,600
2023-10-24,1.76,1.819,1.76,1.816,5000
2023-10-26,1.761,1.769,1.761,1.769,3200
2023-10-27,1.774,1.778,1.774,1.778,1400
2023-11-02,1.773,1.835,1.773,1.804,4800
2023-11-03,1.77,1.806,1.77,1.806,4800
2023-11-06,1.776,1.828,1.776,1.788,24700
2023-11-09,1.771,1.81,1.771,1.79,4500
2023-11-10,1.766,1.797,1.766,1.797,4500
2023-11-13,1.766,1.775,1.766,1.775,1100
2023-11-20,1.772,1.798,1.772,1.798,4400
2023-11-22,1.777,1.777,1.777,1.777,2200
2023-11-24,1.773,1.773,1.773,1.773,1
2023-11-27,1.796,1.796,1.784,1.784,2300
2023-11-28,1.774,1.785,1.774,1.785,4200
2023-11-30,1.797,1.797,1.786,1.79,11701
2023-12-11,1.753,1.79,1.753,1.79,8300
2024-01-22,1.791,1.791,1.791,1.791,1000
2024-01-23,1.728,1.778,1.728,1.778,1100
2024-01-25,1.746,1.746,1.743,1.743,11800
2024-01-26,1.791,1.791,1.791,1.791,100
2024-02-05,1.619,1.796,1.619,1.796,17401
2024-02-06,1.726,1.791,1.726,1.791,12200
2024-02-07,1.799,1.799,1.799,1.799,2000
2024-02-19,1.74,1.801,1.74,1.801,1200
2024-02-20,1.755,1.825,1.755,1.771,3155
2024-02-22,1.745,1.948,1.745,1.766,4155
2024-02-28,1.8,1.943,1.766,1.766,81060
2024-03-05,1.766,1.766,1.76,1.76,3921
2024-03-13,1.762,1.766,1.762,1.766,1900
2024-03-15,1.762,1.762,1.762,1.762,1000
2024-03-18,1.797,1.797,1.797,1.797,1000
2024-03-19,1.752,1.776,1.752,1.776,1400
2024-03-20,1.825,1.825,1.794,1.794,1100
2024-03-21,1.767,1.777,1.767,1.777,4700
2024-03-22,1.795,1.795,1.795,1.795,11200
2024-03-25,1.767,1.774,1.767,1.774,10200
2024-03-26,1.772,1.772,1.749,1.76,1300
2024-03-27,1.815,1.856,1.8,1.8,1300
2024-03-28,1.758,1.933,1.758,1.79,17242
2024-03-29,1.776,1.788,1.759,1.78,15242
2024-04-01,1.778,1.78,1.778,1.78,11300
2024-04-02,1.79,1.79,1.79,1.79,6500
2024-04-08,1.79,1.79,1.79,1.79,10900
2024-04-09,1.798,1.798,1.798,1.798,80000
2024-04-17,1.788,1.788,1.788,1.788,400
2024-04-19,1.779,1.786,1.779,1.786,2000
2024-04-22,1.814,1.814,1.814,1.814,100
2024-04-23,1.79,1.79,1.79,1.79,100
2024-04-25,1.798,1.798,1.798,1.798,600
2024-04-29,1.832,1.832,1.832,1.832,100
2024-05-06,1.787,1.795,1.787,1.795,14200
2024-05-07,1.796,1.796,1.796,1.796,1000
